{
  "items": {
    "durationMs": 13080616389,
    "count": 55372,
    "playedMs": {
      "percentiles": {
        "values": {
          "1.0": 38112.33928571428,
          "5.0": 83437.86502534563,
          "25.0": 182273.34482854445,
          "50.0": 221588.81973501266,
          "75.0": 275753.06278247334,
          "95.0": 424482.0980126255,
          "99.0": 534233.2391999998
        }
      },
      "count": 55372,
      "min": 30024,
      "max": 3538579,
      "avg": 236231.60422235064,
      "sum": 13080616389
    },
    "cardinality": {
      "tracks": 21308,
      "artists": 11371,
      "albums": 15117
    }
  }
}