{
  "items": {
    "durationMs": 13030119696,
    "count": 55174,
    "playedMs": {
      "percentiles": {
        "values": {
          "1.0": 38068.25,
          "5.0": 83313.84620399112,
          "25.0": 182302.22592974498,
          "50.0": 221637.53909570407,
          "75.0": 275690.87346799043,
          "95.0": 424398.35787375394,
          "99.0": 534056.8646666671
        }
      },
      "count": 55174,
      "min": 30024,
      "max": 3538579,
      "avg": 236164.12977126907,
      "sum": 13030119696
    },
    "cardinality": {
      "tracks": 21273,
      "artists": 11351,
      "albums": 15074
    }
  }
}