{
  "items": {
    "durationMs": 13021575572,
    "count": 55141,
    "playedMs": {
      "percentiles": {
        "values": {
          "1.0": 38077.46615584416,
          "5.0": 83273.88238770461,
          "25.0": 182279.8954406051,
          "50.0": 221615.97324127675,
          "75.0": 275730.5674324691,
          "95.0": 424262.81069444434,
          "99.0": 534123.7611666659
        }
      },
      "count": 55141,
      "min": 30024,
      "max": 3538579,
      "avg": 236150.51544222992,
      "sum": 13021575572
    },
    "cardinality": {
      "tracks": 21273,
      "artists": 11347,
      "albums": 15062
    }
  }
}