{
  "items": {
    "durationMs": 12400012675,
    "count": 52590,
    "playedMs": {
      "percentiles": {
        "values": {
          "1.0": 37507.145454545454,
          "5.0": 80839.58074074076,
          "25.0": 182248.3190955777,
          "50.0": 221339.7083339396,
          "75.0": 275878.40373937687,
          "95.0": 424207.4407321074,
          "99.0": 533431.8143790849
        }
      },
      "count": 52590,
      "min": 30024,
      "max": 3538579,
      "avg": 235786.512169614,
      "sum": 12400012675
    },
    "cardinality": {
      "tracks": 20383,
      "artists": 10913,
      "albums": 14539
    }
  }
}