{
  "items": {
    "durationMs": 12226743995,
    "count": 51894,
    "playedMs": {
      "percentiles": {
        "values": {
          "1.0": 37410.37523809524,
          "5.0": 80260.23436623649,
          "25.0": 182017.14885989417,
          "50.0": 221360.56257336747,
          "75.0": 275956.5021276596,
          "95.0": 423402.4678906248,
          "99.0": 531939.7919999994
        }
      },
      "count": 51894,
      "min": 30024,
      "max": 3538579,
      "avg": 235609.9740817821,
      "sum": 12226743995
    },
    "cardinality": {
      "tracks": 20361,
      "artists": 10796,
      "albums": 14479
    }
  }
}