{
  "items": {
    "durationMs": 13080406336,
    "count": 55371,
    "playedMs": {
      "percentiles": {
        "values": {
          "1.0": 38112.05505952381,
          "5.0": 83436.82160541475,
          "25.0": 182272.38212517108,
          "50.0": 221617.17344208842,
          "75.0": 275667.8524107171,
          "95.0": 424616.2258886114,
          "99.0": 534265.6628333335
        }
      },
      "count": 55371,
      "min": 30024,
      "max": 3538579,
      "avg": 236232.07700782,
      "sum": 13080406336
    },
    "cardinality": {
      "tracks": 21308,
      "artists": 11371,
      "albums": 15117
    }
  }
}