{
  "items": {
    "durationMs": 13079756362,
    "count": 55368,
    "playedMs": {
      "percentiles": {
        "values": {
          "1.0": 38133.431818181816,
          "5.0": 83625.48968745809,
          "25.0": 182267.20073172727,
          "50.0": 221628.34007493884,
          "75.0": 275700.90082283766,
          "95.0": 424330.13426573423,
          "99.0": 534265.7686666666
        }
      },
      "count": 55368,
      "min": 30024,
      "max": 3538579,
      "avg": 236233.13758849876,
      "sum": 13079756362
    },
    "cardinality": {
      "tracks": 21308,
      "artists": 11371,
      "albums": 15117
    }
  }
}