{
  "items": {
    "durationMs": 12816549560,
    "count": 54282,
    "playedMs": {
      "percentiles": {
        "values": {
          "1.0": 37905.591515151515,
          "5.0": 82391.95270524046,
          "25.0": 182279.20104979162,
          "50.0": 221568.9138387254,
          "75.0": 275913.82872242125,
          "95.0": 424622.58535696147,
          "99.0": 534040.6473333334
        }
      },
      "count": 54282,
      "min": 30024,
      "max": 3538579,
      "avg": 236110.48892818982,
      "sum": 12816549560
    },
    "cardinality": {
      "tracks": 20938,
      "artists": 11249,
      "albums": 14881
    }
  }
}