{
  "items": {
    "durationMs": 12725453724,
    "count": 53907,
    "playedMs": {
      "percentiles": {
        "values": {
          "1.0": 37759.05416666667,
          "5.0": 82044.79140625,
          "25.0": 182266.9402520412,
          "50.0": 221386.3989543951,
          "75.0": 275881.9062720691,
          "95.0": 425103.50770759943,
          "99.0": 534562.2807936509
        }
      },
      "count": 53907,
      "min": 30024,
      "max": 3538579,
      "avg": 236063.10356725473,
      "sum": 12725453724
    },
    "cardinality": {
      "tracks": 20920,
      "artists": 11191,
      "albums": 14814
    }
  }
}