{
  "items": {
    "durationMs": 12872471733,
    "count": 54517,
    "playedMs": {
      "percentiles": {
        "values": {
          "1.0": 37945.0625,
          "5.0": 82682.31755,
          "25.0": 182266.44563705128,
          "50.0": 221539.69712418164,
          "75.0": 275858.486792021,
          "95.0": 424180.9242690056,
          "99.0": 533969.6965000004
        }
      },
      "count": 54517,
      "min": 30024,
      "max": 3538579,
      "avg": 236118.49025074748,
      "sum": 12872471733
    },
    "cardinality": {
      "tracks": 20938,
      "artists": 11299,
      "albums": 14899
    }
  }
}