{
  "items": {
    "durationMs": 12429793278,
    "count": 52709,
    "playedMs": {
      "percentiles": {
        "values": {
          "1.0": 37520.49299019608,
          "5.0": 80875.60391019078,
          "25.0": 182312.60190123966,
          "50.0": 221361.47191475032,
          "75.0": 275857.04782620276,
          "95.0": 424344.3807359306,
          "99.0": 533574.0162539679
        }
      },
      "count": 52709,
      "min": 30024,
      "max": 3538579,
      "avg": 235819.18226488834,
      "sum": 12429793278
    },
    "cardinality": {
      "tracks": 20430,
      "artists": 10922,
      "albums": 14528
    }
  }
}