{
  "items": {
    "durationMs": 13079756362,
    "count": 55368,
    "playedMs": {
      "percentiles": {
        "values": {
          "1.0": 38144.03400000001,
          "5.0": 83433.69134562214,
          "25.0": 182273.34482854445,
          "50.0": 221554.40307701964,
          "75.0": 275753.06278247334,
          "95.0": 424561.03579545446,
          "99.0": 534300.9822857141
        }
      },
      "count": 55368,
      "min": 30024,
      "max": 3538579,
      "avg": 236233.13758849876,
      "sum": 13079756362
    },
    "cardinality": {
      "tracks": 21308,
      "artists": 11371,
      "albums": 15117
    }
  }
}