{
  "items": {
    "durationMs": 13079756362,
    "count": 55368,
    "playedMs": {
      "percentiles": {
        "values": {
          "1.0": 38131.81054545455,
          "5.0": 83431.71032372507,
          "25.0": 182267.0077812765,
          "50.0": 221483.0816596056,
          "75.0": 275700.90082283766,
          "95.0": 424683.1598484848,
          "99.0": 534271.7443333333
        }
      },
      "count": 55368,
      "min": 30024,
      "max": 3538579,
      "avg": 236233.13758849876,
      "sum": 13079756362
    },
    "cardinality": {
      "tracks": 21308,
      "artists": 11371,
      "albums": 15117
    }
  }
}