{
  "items": {
    "durationMs": 13079756362,
    "count": 55368,
    "playedMs": {
      "percentiles": {
        "values": {
          "1.0": 38147.42977777778,
          "5.0": 83441.02420889749,
          "25.0": 182267.0077812765,
          "50.0": 221696.51338190687,
          "75.0": 275761.8321123717,
          "95.0": 424600.5571913243,
          "99.0": 534300.9822857141
        }
      },
      "count": 55368,
      "min": 30024,
      "max": 3538579,
      "avg": 236233.13758849876,
      "sum": 13079756362
    },
    "cardinality": {
      "tracks": 21308,
      "artists": 11371,
      "albums": 15117
    }
  }
}