{
  "items": {
    "durationMs": 13080616389,
    "count": 55372,
    "playedMs": {
      "percentiles": {
        "values": {
          "1.0": 38132.768155844155,
          "5.0": 83414.003751938,
          "25.0": 182273.4191076625,
          "50.0": 221621.74894207882,
          "75.0": 275753.06278247334,
          "95.0": 424557.0719429504,
          "99.0": 534252.7799999998
        }
      },
      "count": 55372,
      "min": 30024,
      "max": 3538579,
      "avg": 236231.60422235064,
      "sum": 13080616389
    },
    "cardinality": {
      "tracks": 21308,
      "artists": 11371,
      "albums": 15117
    }
  }
}