{
  "items": {
    "durationMs": 12854024767,
    "count": 54440,
    "playedMs": {
      "percentiles": {
        "values": {
          "1.0": 37909.34055555556,
          "5.0": 82603.40170346401,
          "25.0": 182284.89726902466,
          "50.0": 221540.69485963092,
          "75.0": 275875.5924795993,
          "95.0": 424323.5092592592,
          "99.0": 533923.0716666664
        }
      },
      "count": 54440,
      "min": 30024,
      "max": 3538579,
      "avg": 236113.60703526819,
      "sum": 12854024767
    },
    "cardinality": {
      "tracks": 20938,
      "artists": 11289,
      "albums": 14895
    }
  }
}