{
  "items": {
    "durationMs": 12734902882,
    "count": 53954,
    "playedMs": {
      "percentiles": {
        "values": {
          "1.0": 37783.048982456145,
          "5.0": 82125.9284119497,
          "25.0": 182242.20436557147,
          "50.0": 221479.7312749346,
          "75.0": 275858.2977767376,
          "95.0": 424831.9022671567,
          "99.0": 534526.3318518517
        }
      },
      "count": 53954,
      "min": 30024,
      "max": 3538579,
      "avg": 236032.59965896874,
      "sum": 12734902882
    },
    "cardinality": {
      "tracks": 20920,
      "artists": 11201,
      "albums": 14822
    }
  }
}