{
  "items": {
    "durationMs": 12354267051,
    "count": 52411,
    "playedMs": {
      "percentiles": {
        "values": {
          "1.0": 37479.68979831933,
          "5.0": 80641.42471659918,
          "25.0": 182159.07833133257,
          "50.0": 221324.4506733513,
          "75.0": 275899.9827425737,
          "95.0": 423817.49364074506,
          "99.0": 532915.819
        }
      },
      "count": 52411,
      "min": 30024,
      "max": 3538579,
      "avg": 235718.9721814123,
      "sum": 12354267051
    },
    "cardinality": {
      "tracks": 20376,
      "artists": 10870,
      "albums": 14579
    }
  }
}