{
  "items": {
    "durationMs": 12233831781,
    "count": 51922,
    "playedMs": {
      "percentiles": {
        "values": {
          "1.0": 37438.06060606061,
          "5.0": 80220.05294117649,
          "25.0": 182045.20941815243,
          "50.0": 221472.35788562914,
          "75.0": 275989.685106073,
          "95.0": 423474.69667565107,
          "99.0": 531879.3399999996
        }
      },
      "count": 51922,
      "min": 30024,
      "max": 3538579,
      "avg": 235619.42492585033,
      "sum": 12233831781
    },
    "cardinality": {
      "tracks": 20361,
      "artists": 10802,
      "albums": 14489
    }
  }
}