{
  "items": {
    "durationMs": 12233831781,
    "count": 51922,
    "playedMs": {
      "percentiles": {
        "values": {
          "1.0": 37412.60228571429,
          "5.0": 80089.04135853046,
          "25.0": 182041.285228338,
          "50.0": 221401.79786200196,
          "75.0": 275968.3577579516,
          "95.0": 423393.6564251206,
          "99.0": 531825.9424999998
        }
      },
      "count": 51922,
      "min": 30024,
      "max": 3538579,
      "avg": 235619.42492585033,
      "sum": 12233831781
    },
    "cardinality": {
      "tracks": 20361,
      "artists": 10802,
      "albums": 14489
    }
  }
}