{
  "items": {
    "durationMs": 13055568403,
    "count": 55258,
    "playedMs": {
      "percentiles": {
        "values": {
          "1.0": 38085.29142857143,
          "5.0": 83372.43112213853,
          "25.0": 182288.65084756337,
          "50.0": 221641.33442257385,
          "75.0": 275763.0704228905,
          "95.0": 424733.2606792144,
          "99.0": 534484.5792207789
        }
      },
      "count": 55258,
      "min": 30024,
      "max": 3538579,
      "avg": 236265.67018350284,
      "sum": 13055568403
    },
    "cardinality": {
      "tracks": 21308,
      "artists": 11361,
      "albums": 15094
    }
  }
}