{
  "items": {
    "durationMs": 13079756362,
    "count": 55368,
    "playedMs": {
      "percentiles": {
        "values": {
          "1.0": 38111.20238095238,
          "5.0": 83438.69892600799,
          "25.0": 182267.215302011,
          "50.0": 221626.3475852972,
          "75.0": 275700.90082283766,
          "95.0": 424987.9438204549,
          "99.0": 534270.4479230768
        }
      },
      "count": 55368,
      "min": 30024,
      "max": 3538579,
      "avg": 236233.13758849876,
      "sum": 13079756362
    },
    "cardinality": {
      "tracks": 21308,
      "artists": 11371,
      "albums": 15117
    }
  }
}