{
  "items": {
    "durationMs": 12611534162,
    "count": 53461,
    "playedMs": {
      "percentiles": {
        "values": {
          "1.0": 37691.83819411765,
          "5.0": 81698.64762820513,
          "25.0": 182295.75961377675,
          "50.0": 221346.80733537182,
          "75.0": 275818.5005988932,
          "95.0": 424423.9918439714,
          "99.0": 534331.5096153845
        }
      },
      "count": 53461,
      "min": 30024,
      "max": 3538579,
      "avg": 235901.5761396158,
      "sum": 12611534162
    },
    "cardinality": {
      "tracks": 20697,
      "artists": 11122,
      "albums": 14664
    }
  }
}