{
  "items": {
    "durationMs": 12900796758,
    "count": 54645,
    "playedMs": {
      "percentiles": {
        "values": {
          "1.0": 37969.186785714286,
          "5.0": 82738.12333333334,
          "25.0": 182190.11526212332,
          "50.0": 221517.90909378158,
          "75.0": 275836.5544519701,
          "95.0": 424256.9950980392,
          "99.0": 533965.9128571434
        }
      },
      "count": 54645,
      "min": 30024,
      "max": 3538579,
      "avg": 236083.75437825968,
      "sum": 12900796758
    },
    "cardinality": {
      "tracks": 20956,
      "artists": 11301,
      "albums": 14903
    }
  }
}