{
  "items": {
    "durationMs": 12226743995,
    "count": 51894,
    "playedMs": {
      "percentiles": {
        "values": {
          "1.0": 37410.91483333333,
          "5.0": 80293.51989150091,
          "25.0": 182013.82839158966,
          "50.0": 221379.5536978534,
          "75.0": 275991.7910159182,
          "95.0": 423414.10514939006,
          "99.0": 531884.4515555552
        }
      },
      "count": 51894,
      "min": 30024,
      "max": 3538579,
      "avg": 235609.9740817821,
      "sum": 12226743995
    },
    "cardinality": {
      "tracks": 20361,
      "artists": 10796,
      "albums": 14479
    }
  }
}