{
  "items": {
    "durationMs": 13080406336,
    "count": 55371,
    "playedMs": {
      "percentiles": {
        "values": {
          "1.0": 38148.23844444445,
          "5.0": 83444.2602311412,
          "25.0": 182272.4421259264,
          "50.0": 221583.79266418712,
          "75.0": 275753.8384841977,
          "95.0": 424558.9462912087,
          "99.0": 534295.3031428573
        }
      },
      "count": 55371,
      "min": 30024,
      "max": 3538579,
      "avg": 236232.07700782,
      "sum": 13080406336
    },
    "cardinality": {
      "tracks": 21308,
      "artists": 11371,
      "albums": 15117
    }
  }
}