{
  "items": {
    "durationMs": 12760632751,
    "count": 54063,
    "playedMs": {
      "percentiles": {
        "values": {
          "1.0": 37824.049964114834,
          "5.0": 82186.23743287551,
          "25.0": 182234.914850823,
          "50.0": 221443.60141935843,
          "75.0": 275829.8218877319,
          "95.0": 424733.1244272575,
          "99.0": 534281.8801666672
        }
      },
      "count": 54063,
      "min": 30024,
      "max": 3538579,
      "avg": 236032.6424911677,
      "sum": 12760632751
    },
    "cardinality": {
      "tracks": 20920,
      "artists": 11211,
      "albums": 14841
    }
  }
}