{
  "items": {
    "durationMs": 13080616389,
    "count": 55372,
    "playedMs": {
      "percentiles": {
        "values": {
          "1.0": 38132.768155844155,
          "5.0": 83437.86502534563,
          "25.0": 182273.40768647857,
          "50.0": 221637.12918911217,
          "75.0": 275753.0627824734,
          "95.0": 424511.31798941776,
          "99.0": 534129.1206666664
        }
      },
      "count": 55372,
      "min": 30024,
      "max": 3538579,
      "avg": 236231.60422235064,
      "sum": 13080616389
    },
    "cardinality": {
      "tracks": 21308,
      "artists": 11371,
      "albums": 15117
    }
  }
}