{
  "items": {
    "durationMs": 13079756362,
    "count": 55368,
    "playedMs": {
      "percentiles": {
        "values": {
          "1.0": 38133.431818181816,
          "5.0": 83433.69134562214,
          "25.0": 182267.20073172727,
          "50.0": 221483.0816596056,
          "75.0": 275700.90082283766,
          "95.0": 424518.25740740733,
          "99.0": 534267.1557142857
        }
      },
      "count": 55368,
      "min": 30024,
      "max": 3538579,
      "avg": 236233.13758849876,
      "sum": 13079756362
    },
    "cardinality": {
      "tracks": 21308,
      "artists": 11371,
      "albums": 15117
    }
  }
}