{
  "items": {
    "durationMs": 13002230833,
    "count": 55064,
    "playedMs": {
      "percentiles": {
        "values": {
          "1.0": 38041.02595238095,
          "5.0": 83220.79558314857,
          "25.0": 182304.1513364917,
          "50.0": 221568.6051797934,
          "75.0": 275728.24032729625,
          "95.0": 424327.1740722707,
          "99.0": 534279.8530000001
        }
      },
      "count": 55064,
      "min": 30024,
      "max": 3538579,
      "avg": 236129.42817448787,
      "sum": 13002230833
    },
    "cardinality": {
      "tracks": 21266,
      "artists": 11341,
      "albums": 14903
    }
  }
}