{
  "items": {
    "durationMs": 12828119733,
    "count": 54329,
    "playedMs": {
      "percentiles": {
        "values": {
          "1.0": 37876.68376,
          "5.0": 82459.26078481761,
          "25.0": 182293.75674539027,
          "50.0": 221555.4161251916,
          "75.0": 275935.22854539595,
          "95.0": 424443.9339667558,
          "99.0": 533945.3704999998
        }
      },
      "count": 54329,
      "min": 30024,
      "max": 3538579,
      "avg": 236119.1947762705,
      "sum": 12828119733
    },
    "cardinality": {
      "tracks": 20938,
      "artists": 11255,
      "albums": 14883
    }
  }
}