{
  "items": {
    "durationMs": 12507710760,
    "count": 53050,
    "playedMs": {
      "percentiles": {
        "values": {
          "1.0": 37569.922807017545,
          "5.0": 81275.32354166666,
          "25.0": 182293.07055004337,
          "50.0": 221385.85026449786,
          "75.0": 275758.0540414234,
          "95.0": 424086.3658862877,
          "99.0": 533989.2380952381
        }
      },
      "count": 53050,
      "min": 30024,
      "max": 3538579,
      "avg": 235772.11611687086,
      "sum": 12507710760
    },
    "cardinality": {
      "tracks": 20541,
      "artists": 11002,
      "albums": 14472
    }
  }
}