{
  "items": {
    "durationMs": 12226743995,
    "count": 51894,
    "playedMs": {
      "percentiles": {
        "values": {
          "1.0": 37415.78614379085,
          "5.0": 80039.9755,
          "25.0": 182013.82839158966,
          "50.0": 221379.68148307485,
          "75.0": 275956.5021276597,
          "95.0": 423487.697222777,
          "99.0": 531910.7839999995
        }
      },
      "count": 51894,
      "min": 30024,
      "max": 3538579,
      "avg": 235609.9740817821,
      "sum": 12226743995
    },
    "cardinality": {
      "tracks": 20361,
      "artists": 10796,
      "albums": 14479
    }
  }
}