{
  "items": {
    "durationMs": 12226743995,
    "count": 51894,
    "playedMs": {
      "percentiles": {
        "values": {
          "1.0": 37414.559506172845,
          "5.0": 80297.30707070707,
          "25.0": 181974.54505436603,
          "50.0": 221361.46176451142,
          "75.0": 275951.1140791888,
          "95.0": 423443.80892658053,
          "99.0": 531917.6324999995
        }
      },
      "count": 51894,
      "min": 30024,
      "max": 3538579,
      "avg": 235609.9740817821,
      "sum": 12226743995
    },
    "cardinality": {
      "tracks": 20361,
      "artists": 10796,
      "albums": 14479
    }
  }
}