{
  "items": {
    "durationMs": 12924344087,
    "count": 54744,
    "playedMs": {
      "percentiles": {
        "values": {
          "1.0": 37987.625,
          "5.0": 82903.1774984139,
          "25.0": 182263.30214866434,
          "50.0": 221495.34963793535,
          "75.0": 275738.7469789733,
          "95.0": 424283.1379432623,
          "99.0": 533789.5227692305
        }
      },
      "count": 54744,
      "min": 30024,
      "max": 3538579,
      "avg": 236086.9517572702,
      "sum": 12924344087
    },
    "cardinality": {
      "tracks": 20993,
      "artists": 11317,
      "albums": 14907
    }
  }
}