{
  "items": {
    "durationMs": 13079756362,
    "count": 55368,
    "playedMs": {
      "percentiles": {
        "values": {
          "1.0": 38111.20238095238,
          "5.0": 83431.71032372507,
          "25.0": 182273.34482854445,
          "50.0": 221640.16681303256,
          "75.0": 275761.8321123717,
          "95.0": 424548.2982473544,
          "99.0": 534271.7443333333
        }
      },
      "count": 55368,
      "min": 30024,
      "max": 3538579,
      "avg": 236233.13758849876,
      "sum": 13079756362
    },
    "cardinality": {
      "tracks": 21308,
      "artists": 11371,
      "albums": 15117
    }
  }
}