{
  "items": {
    "durationMs": 13079756362,
    "count": 55368,
    "playedMs": {
      "percentiles": {
        "values": {
          "1.0": 38111.20238095238,
          "5.0": 83441.02420889749,
          "25.0": 182273.40322603888,
          "50.0": 221621.0358166189,
          "75.0": 275753.0627824734,
          "95.0": 424756.2232227007,
          "99.0": 534271.7443333333
        }
      },
      "count": 55368,
      "min": 30024,
      "max": 3538579,
      "avg": 236233.13758849876,
      "sum": 13079756362
    },
    "cardinality": {
      "tracks": 21308,
      "artists": 11371,
      "albums": 15117
    }
  }
}