{
  "items": {
    "durationMs": 13079756362,
    "count": 55368,
    "playedMs": {
      "percentiles": {
        "values": {
          "1.0": 38088.89428571429,
          "5.0": 83325.56836363638,
          "25.0": 182267.0077812765,
          "50.0": 221636.63634913554,
          "75.0": 275774.59289468295,
          "95.0": 424564.56933598313,
          "99.0": 534255.0508888889
        }
      },
      "count": 55368,
      "min": 30024,
      "max": 3538579,
      "avg": 236233.13758849876,
      "sum": 13079756362
    },
    "cardinality": {
      "tracks": 21308,
      "artists": 11371,
      "albums": 15117
    }
  }
}