{
  "items": {
    "durationMs": 13079756362,
    "count": 55368,
    "playedMs": {
      "percentiles": {
        "values": {
          "1.0": 38131.81054545455,
          "5.0": 83433.69134562214,
          "25.0": 182267.0077812765,
          "50.0": 221802.07242490354,
          "75.0": 275774.59289468295,
          "95.0": 424548.2982473544,
          "99.0": 534300.9822857141
        }
      },
      "count": 55368,
      "min": 30024,
      "max": 3538579,
      "avg": 236233.13758849876,
      "sum": 13079756362
    },
    "cardinality": {
      "tracks": 21308,
      "artists": 11371,
      "albums": 15117
    }
  }
}