{
  "items": {
    "durationMs": 12466343179,
    "count": 52864,
    "playedMs": {
      "percentiles": {
        "values": {
          "1.0": 37544.18166081871,
          "5.0": 81100.57159763313,
          "25.0": 182369.85658552052,
          "50.0": 221384.93077551536,
          "75.0": 275830.5899279725,
          "95.0": 424035.8500408162,
          "99.0": 533617.1570370371
        }
      },
      "count": 52864,
      "min": 30024,
      "max": 3538579,
      "avg": 235819.14306522397,
      "sum": 12466343179
    },
    "cardinality": {
      "tracks": 20456,
      "artists": 10977,
      "albums": 14506
    }
  }
}