{
  "items": {
    "durationMs": 13072162839,
    "count": 55332,
    "playedMs": {
      "percentiles": {
        "values": {
          "1.0": 38100.82166666667,
          "5.0": 83448.5471379694,
          "25.0": 182274.78788562882,
          "50.0": 221608.39653989786,
          "75.0": 275771.67962385627,
          "95.0": 424605.6028571422,
          "99.0": 534344.7223333335
        }
      },
      "count": 55332,
      "min": 30024,
      "max": 3538579,
      "avg": 236249.59949034915,
      "sum": 13072162839
    },
    "cardinality": {
      "tracks": 21308,
      "artists": 11363,
      "albums": 15109
    }
  }
}