{
  "items": {
    "durationMs": 13079756362,
    "count": 55368,
    "playedMs": {
      "percentiles": {
        "values": {
          "1.0": 38133.431818181816,
          "5.0": 83438.69892600799,
          "25.0": 182267.20304905015,
          "50.0": 221292.993243464,
          "75.0": 275774.59289468295,
          "95.0": 424518.25740740733,
          "99.0": 534240.6648
        }
      },
      "count": 55368,
      "min": 30024,
      "max": 3538579,
      "avg": 236233.13758849876,
      "sum": 13079756362
    },
    "cardinality": {
      "tracks": 21308,
      "artists": 11371,
      "albums": 15117
    }
  }
}