{
  "items": {
    "durationMs": 13080616389,
    "count": 55372,
    "playedMs": {
      "percentiles": {
        "values": {
          "1.0": 38132.768155844155,
          "5.0": 83448.5471379694,
          "25.0": 182273.40322603888,
          "50.0": 221623.7549482414,
          "75.0": 275753.06278247334,
          "95.0": 424526.3535563413,
          "99.0": 534293.4100952379
        }
      },
      "count": 55372,
      "min": 30024,
      "max": 3538579,
      "avg": 236231.60422235064,
      "sum": 13080616389
    },
    "cardinality": {
      "tracks": 21308,
      "artists": 11371,
      "albums": 15117
    }
  }
}