{
  "items": {
    "durationMs": 12728800600,
    "count": 53922,
    "playedMs": {
      "percentiles": {
        "values": {
          "1.0": 37742.79266666667,
          "5.0": 82129.29393473193,
          "25.0": 182314.6473299473,
          "50.0": 221532.96994139763,
          "75.0": 275873.90433629224,
          "95.0": 424997.66105769214,
          "99.0": 534746.5199999998
        }
      },
      "count": 53922,
      "min": 30024,
      "max": 3538579,
      "avg": 236059.50446941878,
      "sum": 12728800600
    },
    "cardinality": {
      "tracks": 20920,
      "artists": 11193,
      "albums": 14814
    }
  }
}