{
  "items": {
    "durationMs": 88152303,
    "count": 362,
    "playedMs": {
      "percentiles": {
        "values": {
          "1.0": 60000,
          "5.0": 161990.4,
          "25.0": 185000,
          "50.0": 228702.66666666666,
          "75.0": 264966,
          "95.0": 433406,
          "99.0": 587311.9199999999
        }
      },
      "count": 362,
      "min": 60000,
      "max": 612040,
      "avg": 243514.64917127072,
      "sum": 88152303
    },
    "cardinality": {
      "tracks": 252,
      "artists": 265,
      "albums": 207
    }
  }
}