{
  "items": {
    "durationMs": 19466126,
    "count": 90,
    "playedMs": {
      "percentiles": {
        "values": {
          "1.0": 60000,
          "5.0": 120000,
          "25.0": 180000,
          "50.0": 206806.5,
          "75.0": 238170,
          "95.0": 357506,
          "99.0": 446027.59999999957
        }
      },
      "count": 90,
      "min": 60000,
      "max": 476276,
      "avg": 216290.2888888889,
      "sum": 19466126
    },
    "cardinality": {
      "tracks": 73,
      "artists": 101,
      "albums": 66
    }
  }
}