{
  "items": {
    "durationMs": 144403725,
    "count": 609,
    "playedMs": {
      "percentiles": {
        "values": {
          "1.0": 88446.7,
          "5.0": 145599,
          "25.0": 195743,
          "50.0": 226616.06666666665,
          "75.0": 265171.4375,
          "95.0": 369277.9999999994,
          "99.0": 494932.5299999991
        }
      },
      "count": 609,
      "min": 46813,
      "max": 721800,
      "avg": 237116.13300492612,
      "sum": 144403725
    },
    "cardinality": {
      "tracks": 450,
      "artists": 423,
      "albums": 387
    }
  }
}