{
  "items": {
    "durationMs": 69106298,
    "count": 264,
    "playedMs": {
      "percentiles": {
        "values": {
          "1.0": 67178.08,
          "5.0": 160430.4,
          "25.0": 180000,
          "50.0": 228766.5,
          "75.0": 317696,
          "95.0": 436489.1,
          "99.0": 541468.0800000002
        }
      },
      "count": 264,
      "min": 60000,
      "max": 878802,
      "avg": 261766.2803030303,
      "sum": 69106298
    },
    "cardinality": {
      "tracks": 204,
      "artists": 223,
      "albums": 160
    }
  }
}