{
  "items": {
    "durationMs": 67956653,
    "count": 263,
    "playedMs": {
      "percentiles": {
        "values": {
          "1.0": 60000,
          "5.0": 141288.3,
          "25.0": 180000,
          "50.0": 228280,
          "75.0": 300000,
          "95.0": 436568.44999999995,
          "99.0": 541609.8600000001
        }
      },
      "count": 263,
      "min": 60000,
      "max": 878802,
      "avg": 258390.31558935362,
      "sum": 67956653
    },
    "cardinality": {
      "tracks": 203,
      "artists": 234,
      "albums": 165
    }
  }
}