{
  "items": {
    "durationMs": 99515298,
    "count": 390,
    "playedMs": {
      "percentiles": {
        "values": {
          "1.0": 111924.6,
          "5.0": 145983,
          "25.0": 189619.66666666666,
          "50.0": 226532,
          "75.0": 301981.25,
          "95.0": 476276,
          "99.0": 548553.2000000001
        }
      },
      "count": 390,
      "min": 90288,
      "max": 648000,
      "avg": 255167.43076923076,
      "sum": 99515298
    },
    "cardinality": {
      "tracks": 311,
      "artists": 317,
      "albums": 287
    }
  }
}