{
  "items": {
    "durationMs": 91281064,
    "count": 397,
    "playedMs": {
      "percentiles": {
        "values": {
          "1.0": 121450.11,
          "5.0": 129576.54999999999,
          "25.0": 172871,
          "50.0": 218202,
          "75.0": 260854.16666666666,
          "95.0": 376427.7999999998,
          "99.0": 564203.7199999992
        }
      },
      "count": 397,
      "min": 98066,
      "max": 637080,
      "avg": 229927.11335012593,
      "sum": 91281064
    },
    "cardinality": {
      "tracks": 327,
      "artists": 324,
      "albums": 261
    }
  }
}