{
  "items": {
    "durationMs": 74972555,
    "count": 325,
    "playedMs": {
      "percentiles": {
        "values": {
          "1.0": 83632.5,
          "5.0": 153727,
          "25.0": 180000,
          "50.0": 216366.66666666666,
          "75.0": 240000,
          "95.0": 390126,
          "99.0": 524765
        }
      },
      "count": 325,
      "min": 36390,
      "max": 878802,
      "avg": 230684.78461538462,
      "sum": 74972555
    },
    "cardinality": {
      "tracks": 241,
      "artists": 256,
      "albums": 219
    }
  }
}