{
  "items": {
    "durationMs": 143654166,
    "count": 608,
    "playedMs": {
      "percentiles": {
        "values": {
          "1.0": 88375.4,
          "5.0": 145599,
          "25.0": 195894.33333333334,
          "50.0": 226577.33333333334,
          "75.0": 261136.25,
          "95.0": 368640,
          "99.0": 495211.8599999989
        }
      },
      "count": 608,
      "min": 46813,
      "max": 721800,
      "avg": 236273.29934210525,
      "sum": 143654166
    },
    "cardinality": {
      "tracks": 451,
      "artists": 452,
      "albums": 390
    }
  }
}