{
  "items": {
    "durationMs": 94110849,
    "count": 395,
    "playedMs": {
      "percentiles": {
        "values": {
          "1.0": 60000,
          "5.0": 156240,
          "25.0": 186463.75,
          "50.0": 222678.625,
          "75.0": 254212.125,
          "95.0": 419786.5,
          "99.0": 538874.0000000002
        }
      },
      "count": 395,
      "min": 36390,
      "max": 878802,
      "avg": 238255.31392405063,
      "sum": 94110849
    },
    "cardinality": {
      "tracks": 267,
      "artists": 265,
      "albums": 240
    }
  }
}