{
  "items": {
    "durationMs": 89306234,
    "count": 385,
    "playedMs": {
      "percentiles": {
        "values": {
          "1.0": 80090,
          "5.0": 155770,
          "25.0": 180000,
          "50.0": 217800,
          "75.0": 240002.5,
          "95.0": 402826,
          "99.0": 510298.39999999944
        }
      },
      "count": 385,
      "min": 36390,
      "max": 878802,
      "avg": 231964.24415584415,
      "sum": 89306234
    },
    "cardinality": {
      "tracks": 271,
      "artists": 291,
      "albums": 253
    }
  }
}