{
  "items": {
    "durationMs": 95825003,
    "count": 391,
    "playedMs": {
      "percentiles": {
        "values": {
          "1.0": 121987.82,
          "5.0": 131628.55,
          "25.0": 175783.5625,
          "50.0": 224191.6666666667,
          "75.0": 277396.25,
          "95.0": 446610.09999999986,
          "99.0": 637080
        }
      },
      "count": 391,
      "min": 117400,
      "max": 648000,
      "avg": 245076.73401534528,
      "sum": 95825003
    },
    "cardinality": {
      "tracks": 333,
      "artists": 324,
      "albums": 270
    }
  }
}