{
  "items": {
    "durationMs": 32050311,
    "count": 142,
    "playedMs": {
      "percentiles": {
        "values": {
          "1.0": 60000,
          "5.0": 120000,
          "25.0": 180000,
          "50.0": 214048,
          "75.0": 240000,
          "95.0": 379911.4,
          "99.0": 479724.0000000005
        }
      },
      "count": 142,
      "min": 60000,
      "max": 519376,
      "avg": 225706.41549295775,
      "sum": 32050311
    },
    "cardinality": {
      "tracks": 114,
      "artists": 144,
      "albums": 104
    }
  }
}