{
  "items": {
    "durationMs": 27784732,
    "count": 119,
    "playedMs": {
      "percentiles": {
        "values": {
          "1.0": 50965.67,
          "5.0": 120000,
          "25.0": 180000,
          "50.0": 223139,
          "75.0": 243648.25,
          "95.0": 425089.04999999993,
          "99.0": 531008.9100000001
        }
      },
      "count": 119,
      "min": 30857,
      "max": 575625,
      "avg": 233485.14285714287,
      "sum": 27784732
    },
    "cardinality": {
      "tracks": 91,
      "artists": 111,
      "albums": 80
    }
  }
}