{
  "items": {
    "durationMs": 12958815459,
    "count": 54881,
    "playedMs": {
      "percentiles": {
        "values": {
          "1.0": 38010.94383333333,
          "5.0": 83050.63715000001,
          "25.0": 182295.48132615833,
          "50.0": 221576.27213294106,
          "75.0": 275770.903922132,
          "95.0": 424781.36364862963,
          "99.0": 533897.7631428575
        }
      },
      "count": 54881,
      "min": 30024,
      "max": 3538579,
      "avg": 236125.7167143456,
      "sum": 12958815459
    },
    "cardinality": {
      "tracks": 21064,
      "artists": 11323,
      "albums": 14906
    }
  }
}