{
  "items": {
    "durationMs": 12631375350,
    "count": 53539,
    "playedMs": {
      "percentiles": {
        "values": {
          "1.0": 37668.44347222222,
          "5.0": 81772.86262820513,
          "25.0": 182273.7225248124,
          "50.0": 221393.14054064534,
          "75.0": 275830.64211077796,
          "95.0": 424894.66982942406,
          "99.0": 534373.2216666667
        }
      },
      "count": 53539,
      "min": 30024,
      "max": 3538579,
      "avg": 235928.48857841946,
      "sum": 12631375350
    },
    "cardinality": {
      "tracks": 20781,
      "artists": 11146,
      "albums": 14719
    }
  }
}