{
  "items": {
    "durationMs": 12226743995,
    "count": 51894,
    "playedMs": {
      "percentiles": {
        "values": {
          "1.0": 37409.83301587302,
          "5.0": 80267.9229254571,
          "25.0": 182013.82839158966,
          "50.0": 221385.03777902192,
          "75.0": 276054.50063948677,
          "95.0": 423505.17547715415,
          "99.0": 531904.8977777773
        }
      },
      "count": 51894,
      "min": 30024,
      "max": 3538579,
      "avg": 235609.9740817821,
      "sum": 12226743995
    },
    "cardinality": {
      "tracks": 20361,
      "artists": 10796,
      "albums": 14479
    }
  }
}