{
  "items": {
    "durationMs": 13068220489,
    "count": 55312,
    "playedMs": {
      "percentiles": {
        "values": {
          "1.0": 38132.33466666668,
          "5.0": 83448.5840635518,
          "25.0": 182296.64952284202,
          "50.0": 221649.5729415758,
          "75.0": 275745.02118416544,
          "95.0": 424348.9590069745,
          "99.0": 534406.9929523804
        }
      },
      "count": 55312,
      "min": 30024,
      "max": 3538579,
      "avg": 236263.74907795776,
      "sum": 13068220489
    },
    "cardinality": {
      "tracks": 21308,
      "artists": 11363,
      "albums": 15106
    }
  }
}