{
  "items": {
    "durationMs": 13080246962,
    "count": 55370,
    "playedMs": {
      "percentiles": {
        "values": {
          "1.0": 38132.28935064935,
          "5.0": 83446.52112676056,
          "25.0": 182273.4428458808,
          "50.0": 221628.34007493884,
          "75.0": 275763.22407345846,
          "95.0": 424616.6255373303,
          "99.0": 534267.6900000006
        }
      },
      "count": 55370,
      "min": 30024,
      "max": 3538579,
      "avg": 236233.46508939858,
      "sum": 13080246962
    },
    "cardinality": {
      "tracks": 21308,
      "artists": 11371,
      "albums": 15117
    }
  }
}