{
  "items": {
    "durationMs": 13080616389,
    "count": 55372,
    "playedMs": {
      "percentiles": {
        "values": {
          "1.0": 38148.508,
          "5.0": 83448.5471379694,
          "25.0": 182313.51010064408,
          "50.0": 221292.6497722351,
          "75.0": 275632.1354114558,
          "95.0": 424526.3535563413,
          "99.0": 534263.6356666664
        }
      },
      "count": 55372,
      "min": 30024,
      "max": 3538579,
      "avg": 236231.60422235064,
      "sum": 13080616389
    },
    "cardinality": {
      "tracks": 21308,
      "artists": 11371,
      "albums": 15117
    }
  }
}