{
  "items": {
    "durationMs": 12335701614,
    "count": 52331,
    "playedMs": {
      "percentiles": {
        "values": {
          "1.0": 37468.26253333334,
          "5.0": 80683.30725022302,
          "25.0": 182209.601589084,
          "50.0": 221342.39078164398,
          "75.0": 275910.8274076706,
          "95.0": 423786.204733543,
          "99.0": 532926.47
        }
      },
      "count": 52331,
      "min": 30024,
      "max": 3538579,
      "avg": 235724.55359156142,
      "sum": 12335701614
    },
    "cardinality": {
      "tracks": 20368,
      "artists": 10841,
      "albums": 14602
    }
  }
}