{
  "items": {
    "durationMs": 12299919760,
    "count": 52198,
    "playedMs": {
      "percentiles": {
        "values": {
          "1.0": 37452.715500000006,
          "5.0": 80467.56661991586,
          "25.0": 182139.92844698517,
          "50.0": 221355.969040291,
          "75.0": 275934.31354526203,
          "95.0": 423301.623671875,
          "99.0": 532326.2359999995
        }
      },
      "count": 52198,
      "min": 30024,
      "max": 3538579,
      "avg": 235639.67508333654,
      "sum": 12299919760
    },
    "cardinality": {
      "tracks": 20364,
      "artists": 10829,
      "albums": 14637
    }
  }
}