{
  "items": {
    "durationMs": 12714359470,
    "count": 53865,
    "playedMs": {
      "percentiles": {
        "values": {
          "1.0": 37790.401715686276,
          "5.0": 82087.48996100844,
          "25.0": 182264.95773491458,
          "50.0": 221388.77341398475,
          "75.0": 275878.63325204677,
          "95.0": 424849.72583521024,
          "99.0": 534506.5175925923
        }
      },
      "count": 53865,
      "min": 30024,
      "max": 3538579,
      "avg": 236041.20430706395,
      "sum": 12714359470
    },
    "cardinality": {
      "tracks": 20911,
      "artists": 11185,
      "albums": 14809
    }
  }
}