{
  "items": {
    "durationMs": 12489987159,
    "count": 52954,
    "playedMs": {
      "percentiles": {
        "values": {
          "1.0": 37556.304280701755,
          "5.0": 81275.74025927445,
          "25.0": 182451.9114070394,
          "50.0": 221480.6853775573,
          "75.0": 275820.85565812275,
          "95.0": 424359.35949050926,
          "99.0": 534166.0725925924
        }
      },
      "count": 52954,
      "min": 30024,
      "max": 3538579,
      "avg": 235864.84796238245,
      "sum": 12489987159
    },
    "cardinality": {
      "tracks": 20525,
      "artists": 10979,
      "albums": 14495
    }
  }
}