{
  "items": {
    "durationMs": 13079756362,
    "count": 55368,
    "playedMs": {
      "percentiles": {
        "values": {
          "1.0": 38088.89428571429,
          "5.0": 83443.8445571628,
          "25.0": 182196.02708282613,
          "50.0": 221636.63634913554,
          "75.0": 275700.90082283766,
          "95.0": 424448.86322751315,
          "99.0": 534296.845064935
        }
      },
      "count": 55368,
      "min": 30024,
      "max": 3538579,
      "avg": 236233.13758849876,
      "sum": 13079756362
    },
    "cardinality": {
      "tracks": 21308,
      "artists": 11371,
      "albums": 15117
    }
  }
}