{
  "items": {
    "durationMs": 12594967573,
    "count": 53397,
    "playedMs": {
      "percentiles": {
        "values": {
          "1.0": 37615.7969122807,
          "5.0": 81629.71585241496,
          "25.0": 182234.47655896322,
          "50.0": 221337.97202001477,
          "75.0": 275816.14751876995,
          "95.0": 424627.8821369843,
          "99.0": 534448.8761111109
        }
      },
      "count": 53397,
      "min": 30024,
      "max": 3538579,
      "avg": 235874.06732587973,
      "sum": 12594967573
    },
    "cardinality": {
      "tracks": 20688,
      "artists": 11104,
      "albums": 14629
    }
  }
}