{
  "items": {
    "durationMs": 13079756362,
    "count": 55368,
    "playedMs": {
      "percentiles": {
        "values": {
          "1.0": 38110.34266666667,
          "5.0": 83443.32329107981,
          "25.0": 182267.20304905015,
          "50.0": 221645.9011189175,
          "75.0": 275753.0627824734,
          "95.0": 424683.1598484848,
          "99.0": 534240.6648
        }
      },
      "count": 55368,
      "min": 30024,
      "max": 3538579,
      "avg": 236233.13758849876,
      "sum": 13079756362
    },
    "cardinality": {
      "tracks": 21308,
      "artists": 11371,
      "albums": 15117
    }
  }
}