{
  "items": {
    "durationMs": 13079756362,
    "count": 55368,
    "playedMs": {
      "percentiles": {
        "values": {
          "1.0": 38131.81054545455,
          "5.0": 83443.8445571628,
          "25.0": 182267.20073172727,
          "50.0": 221636.63634913554,
          "75.0": 275666.28784593334,
          "95.0": 424887.17295918363,
          "99.0": 534240.6648
        }
      },
      "count": 55368,
      "min": 30024,
      "max": 3538579,
      "avg": 236233.13758849876,
      "sum": 13079756362
    },
    "cardinality": {
      "tracks": 21308,
      "artists": 11371,
      "albums": 15117
    }
  }
}