{
  "items": {
    "durationMs": 12742699489,
    "count": 53987,
    "playedMs": {
      "percentiles": {
        "values": {
          "1.0": 37763.08349999999,
          "5.0": 82112.01749254174,
          "25.0": 182227.19630612296,
          "50.0": 221485.71326383538,
          "75.0": 275836.0743289548,
          "95.0": 424779.40801418416,
          "99.0": 534429.1743999996
        }
      },
      "count": 53987,
      "min": 30024,
      "max": 3538579,
      "avg": 236032.73915942726,
      "sum": 12742699489
    },
    "cardinality": {
      "tracks": 20920,
      "artists": 11205,
      "albums": 14824
    }
  }
}