{
  "items": {
    "durationMs": 13080406336,
    "count": 55371,
    "playedMs": {
      "percentiles": {
        "values": {
          "1.0": 38132.528753246756,
          "5.0": 83447.72111678169,
          "25.0": 182266.03526823243,
          "50.0": 221481.18307570342,
          "75.0": 275701.90355832234,
          "95.0": 424721.7742691705,
          "99.0": 534265.6628333335
        }
      },
      "count": 55371,
      "min": 30024,
      "max": 3538579,
      "avg": 236232.07700782,
      "sum": 13080406336
    },
    "cardinality": {
      "tracks": 21308,
      "artists": 11371,
      "albums": 15117
    }
  }
}