{
  "items": {
    "durationMs": 12972496433,
    "count": 54941,
    "playedMs": {
      "percentiles": {
        "values": {
          "1.0": 38024.5625,
          "5.0": 83044.38680000001,
          "25.0": 182299.10071172996,
          "50.0": 221360.4266709021,
          "75.0": 275715.9418551085,
          "95.0": 424264.37431372533,
          "99.0": 533793.1379999996
        }
      },
      "count": 54941,
      "min": 30024,
      "max": 3538579,
      "avg": 236116.86050490526,
      "sum": 12972496433
    },
    "cardinality": {
      "tracks": 21064,
      "artists": 11327,
      "albums": 14905
    }
  }
}