{
  "items": {
    "durationMs": 12233831781,
    "count": 51922,
    "playedMs": {
      "percentiles": {
        "values": {
          "1.0": 37411.95365079365,
          "5.0": 80293.9986417657,
          "25.0": 182041.285228338,
          "50.0": 221408.880398985,
          "75.0": 276064.9453674145,
          "95.0": 423396.5375727718,
          "99.0": 531879.3399999996
        }
      },
      "count": 51922,
      "min": 30024,
      "max": 3538579,
      "avg": 235619.42492585033,
      "sum": 12233831781
    },
    "cardinality": {
      "tracks": 20361,
      "artists": 10802,
      "albums": 14489
    }
  }
}