{
  "items": {
    "durationMs": 13080616389,
    "count": 55372,
    "playedMs": {
      "percentiles": {
        "values": {
          "1.0": 38134.42803030303,
          "5.0": 83445.33890522245,
          "25.0": 182273.34482854445,
          "50.0": 221387.87705941027,
          "75.0": 275700.90082283766,
          "95.0": 424674.537752525,
          "99.0": 534293.4100952379
        }
      },
      "count": 55372,
      "min": 30024,
      "max": 3538579,
      "avg": 236231.60422235064,
      "sum": 13080616389
    },
    "cardinality": {
      "tracks": 21308,
      "artists": 11371,
      "albums": 15117
    }
  }
}