{
  "items": {
    "durationMs": 12697205785,
    "count": 53807,
    "playedMs": {
      "percentiles": {
        "values": {
          "1.0": 37749.66514685315,
          "5.0": 81935.60390625002,
          "25.0": 182230.95007262164,
          "50.0": 221431.0879288592,
          "75.0": 275844.13267953874,
          "95.0": 424806.50520833314,
          "99.0": 534250.7335185185
        }
      },
      "count": 53807,
      "min": 30024,
      "max": 3538579,
      "avg": 235976.8391659078,
      "sum": 12697205785
    },
    "cardinality": {
      "tracks": 20907,
      "artists": 11172,
      "albums": 14797
    }
  }
}