{
  "items": {
    "durationMs": 12418602613,
    "count": 52664,
    "playedMs": {
      "percentiles": {
        "values": {
          "1.0": 37517.30914619883,
          "5.0": 80907.84003074103,
          "25.0": 182270.6971867332,
          "50.0": 221328.30060928757,
          "75.0": 275884.9687286034,
          "95.0": 424229.79062499985,
          "99.0": 533519.134984127
        }
      },
      "count": 52664,
      "min": 30024,
      "max": 3538579,
      "avg": 235808.19180085068,
      "sum": 12418602613
    },
    "cardinality": {
      "tracks": 20422,
      "artists": 10918,
      "albums": 14531
    }
  }
}