{
  "items": {
    "durationMs": 12233831781,
    "count": 51922,
    "playedMs": {
      "percentiles": {
        "values": {
          "1.0": 37415.6585,
          "5.0": 80312.99976876756,
          "25.0": 182041.285228338,
          "50.0": 221472.24521619955,
          "75.0": 276036.3018060912,
          "95.0": 423458.9018554684,
          "99.0": 531853.782222222
        }
      },
      "count": 51922,
      "min": 30024,
      "max": 3538579,
      "avg": 235619.42492585033,
      "sum": 12233831781
    },
    "cardinality": {
      "tracks": 20361,
      "artists": 10802,
      "albums": 14489
    }
  }
}