{
  "items": {
    "durationMs": 13079756362,
    "count": 55368,
    "playedMs": {
      "percentiles": {
        "values": {
          "1.0": 38131.81054545455,
          "5.0": 83438.69892600799,
          "25.0": 182273.40322603888,
          "50.0": 221628.0812101844,
          "75.0": 275700.90082283766,
          "95.0": 424564.56933598313,
          "99.0": 534300.9822857141
        }
      },
      "count": 55368,
      "min": 30024,
      "max": 3538579,
      "avg": 236233.13758849876,
      "sum": 13079756362
    },
    "cardinality": {
      "tracks": 21308,
      "artists": 11371,
      "albums": 15117
    }
  }
}