{
  "items": {
    "durationMs": 99016944,
    "count": 396,
    "playedMs": {
      "percentiles": {
        "values": {
          "1.0": 112574.45999999999,
          "5.0": 143859.7,
          "25.0": 180000,
          "50.0": 226611.3,
          "75.0": 300000,
          "95.0": 449626,
          "99.0": 548404.28
        }
      },
      "count": 396,
      "min": 90288,
      "max": 648000,
      "avg": 250042.78787878787,
      "sum": 99016944
    },
    "cardinality": {
      "tracks": 319,
      "artists": 326,
      "albums": 286
    }
  }
}