{
  "items": {
    "durationMs": 67115891,
    "count": 259,
    "playedMs": {
      "percentiles": {
        "values": {
          "1.0": 60000,
          "5.0": 141131.90000000002,
          "25.0": 181545,
          "50.0": 229358,
          "75.0": 300000,
          "95.0": 436885.85,
          "99.0": 542176.9800000003
        }
      },
      "count": 259,
      "min": 60000,
      "max": 878802,
      "avg": 259134.7142857143,
      "sum": 67115891
    },
    "cardinality": {
      "tracks": 202,
      "artists": 233,
      "albums": 162
    }
  }
}