{
  "items": {
    "durationMs": 74712956,
    "count": 281,
    "playedMs": {
      "percentiles": {
        "values": {
          "1.0": 113977.68,
          "5.0": 165276.2,
          "25.0": 184463.33333333334,
          "50.0": 234773,
          "75.0": 326649.5,
          "95.0": 439804.99999999994,
          "99.0": 539057.82
        }
      },
      "count": 281,
      "min": 60000,
      "max": 878802,
      "avg": 265882.4056939502,
      "sum": 74712956
    },
    "cardinality": {
      "tracks": 227,
      "artists": 227,
      "albums": 174
    }
  }
}