{
  "items": {
    "durationMs": 83091235,
    "count": 335,
    "playedMs": {
      "percentiles": {
        "values": {
          "1.0": 84063.55,
          "5.0": 156025.75,
          "25.0": 194188.75,
          "50.0": 231825,
          "75.0": 300000,
          "95.0": 380450,
          "99.0": 510428.8999999998
        }
      },
      "count": 335,
      "min": 60000,
      "max": 540932,
      "avg": 248033.53731343284,
      "sum": 83091235
    },
    "cardinality": {
      "tracks": 270,
      "artists": 258,
      "albums": 247
    }
  }
}