{
  "items": {
    "durationMs": 46414328,
    "count": 179,
    "playedMs": {
      "percentiles": {
        "values": {
          "1.0": 60000,
          "5.0": 120000,
          "25.0": 185733,
          "50.0": 236135,
          "75.0": 304920,
          "95.0": 450000,
          "99.0": 619258.0500000005
        }
      },
      "count": 179,
      "min": 30857,
      "max": 637080,
      "avg": 259297.9217877095,
      "sum": 46414328
    },
    "cardinality": {
      "tracks": 126,
      "artists": 145,
      "albums": 118
    }
  }
}