{
  "items": {
    "durationMs": 80986631,
    "count": 340,
    "playedMs": {
      "percentiles": {
        "values": {
          "1.0": 60000,
          "5.0": 160399,
          "25.0": 196331.66666666666,
          "50.0": 223080,
          "75.0": 257005.5,
          "95.0": 419146,
          "99.0": 528864
        }
      },
      "count": 340,
      "min": 57600,
      "max": 582266,
      "avg": 238195.97352941177,
      "sum": 80986631
    },
    "cardinality": {
      "tracks": 234,
      "artists": 231,
      "albums": 202
    }
  }
}