{
  "items": {
    "durationMs": 150384163,
    "count": 615,
    "playedMs": {
      "percentiles": {
        "values": {
          "1.0": 130402.5,
          "5.0": 156313,
          "25.0": 194886.41666666666,
          "50.0": 218087.25,
          "75.0": 250653,
          "95.0": 474612.5,
          "99.0": 578973
        }
      },
      "count": 615,
      "min": 90000,
      "max": 654367,
      "avg": 244527.09430894308,
      "sum": 150384163
    },
    "cardinality": {
      "tracks": 419,
      "artists": 460,
      "albums": 383
    }
  }
}