{
  "items": {
    "durationMs": 143436726,
    "count": 607,
    "playedMs": {
      "percentiles": {
        "values": {
          "1.0": 88304.1,
          "5.0": 145599,
          "25.0": 195958.04166666666,
          "50.0": 226599.6,
          "75.0": 261269.5,
          "95.0": 368640,
          "99.0": 495491.1899999986
        }
      },
      "count": 607,
      "min": 46813,
      "max": 721800,
      "avg": 236304.3261943987,
      "sum": 143436726
    },
    "cardinality": {
      "tracks": 450,
      "artists": 451,
      "albums": 389
    }
  }
}