{
  "items": {
    "durationMs": 89430894,
    "count": 358,
    "playedMs": {
      "percentiles": {
        "values": {
          "1.0": 69077.04,
          "5.0": 154285,
          "25.0": 202503,
          "50.0": 234000,
          "75.0": 300000,
          "95.0": 382012.6,
          "99.0": 507696.32000000024
        }
      },
      "count": 358,
      "min": 60000,
      "max": 540000,
      "avg": 249806.96648044692,
      "sum": 89430894
    },
    "cardinality": {
      "tracks": 279,
      "artists": 282,
      "albums": 271
    }
  }
}