{
  "items": {
    "durationMs": 151208188,
    "count": 623,
    "playedMs": {
      "percentiles": {
        "values": {
          "1.0": 130122.06,
          "5.0": 153723.95,
          "25.0": 195763,
          "50.0": 219024.69047619047,
          "75.0": 250878.5,
          "95.0": 453382.90000000026,
          "99.0": 578973
        }
      },
      "count": 623,
      "min": 90000,
      "max": 654367,
      "avg": 242709.772070626,
      "sum": 151208188
    },
    "cardinality": {
      "tracks": 406,
      "artists": 445,
      "albums": 376
    }
  }
}