{
  "items": {
    "durationMs": 95362964,
    "count": 384,
    "playedMs": {
      "percentiles": {
        "values": {
          "1.0": 125142,
          "5.0": 153023.1,
          "25.0": 201193.83333333334,
          "50.0": 226133,
          "75.0": 266102.5,
          "95.0": 451558.79999999993,
          "99.0": 547064
        }
      },
      "count": 384,
      "min": 98066,
      "max": 637080,
      "avg": 248341.05208333334,
      "sum": 95362964
    },
    "cardinality": {
      "tracks": 295,
      "artists": 343,
      "albums": 269
    }
  }
}