{
  "items": {
    "durationMs": 101328613,
    "count": 418,
    "playedMs": {
      "percentiles": {
        "values": {
          "1.0": 125142,
          "5.0": 155429.6,
          "25.0": 201000,
          "50.0": 225226,
          "75.0": 264946,
          "95.0": 386914.5999999996,
          "99.0": 557604.6799999998
        }
      },
      "count": 418,
      "min": 98066,
      "max": 637080,
      "avg": 242412.94976076554,
      "sum": 101328613
    },
    "cardinality": {
      "tracks": 296,
      "artists": 337,
      "albums": 267
    }
  }
}