{
  "items": {
    "durationMs": 30017681,
    "count": 127,
    "playedMs": {
      "percentiles": {
        "values": {
          "1.0": 60000,
          "5.0": 146655.2,
          "25.0": 180000,
          "50.0": 224083,
          "75.0": 247899.5,
          "95.0": 420428.55,
          "99.0": 469376.69000000035
        }
      },
      "count": 127,
      "min": 60000,
      "max": 543453,
      "avg": 236359.69291338584,
      "sum": 30017681
    },
    "cardinality": {
      "tracks": 97,
      "artists": 117,
      "albums": 77
    }
  }
}