{
  "items": {
    "durationMs": 143216097,
    "count": 606,
    "playedMs": {
      "percentiles": {
        "values": {
          "1.0": 88232.8,
          "5.0": 145599,
          "25.0": 195793.16666666666,
          "50.0": 226654.80000000002,
          "75.0": 261746.125,
          "95.0": 368640,
          "99.0": 495770.51999999833
        }
      },
      "count": 606,
      "min": 46813,
      "max": 721800,
      "avg": 236330.19306930693,
      "sum": 143216097
    },
    "cardinality": {
      "tracks": 448,
      "artists": 450,
      "albums": 388
    }
  }
}