{
  "items": {
    "durationMs": 66963727,
    "count": 259,
    "playedMs": {
      "percentiles": {
        "values": {
          "1.0": 60000,
          "5.0": 141131.90000000002,
          "25.0": 180000,
          "50.0": 228280,
          "75.0": 300000,
          "95.0": 436885.85,
          "99.0": 542176.9800000003
        }
      },
      "count": 259,
      "min": 60000,
      "max": 878802,
      "avg": 258547.2084942085,
      "sum": 66963727
    },
    "cardinality": {
      "tracks": 202,
      "artists": 233,
      "albums": 164
    }
  }
}