{
  "items": {
    "durationMs": 86205014,
    "count": 345,
    "playedMs": {
      "percentiles": {
        "values": {
          "1.0": 134997.8,
          "5.0": 153503.5,
          "25.0": 189923,
          "50.0": 217500,
          "75.0": 265777.8333333333,
          "95.0": 480738.5,
          "99.0": 548659.4500000003
        }
      },
      "count": 345,
      "min": 108000,
      "max": 578973,
      "avg": 249869.60579710145,
      "sum": 86205014
    },
    "cardinality": {
      "tracks": 260,
      "artists": 300,
      "albums": 242
    }
  }
}