{
  "items": {
    "durationMs": 111734306,
    "count": 445,
    "playedMs": {
      "percentiles": {
        "values": {
          "1.0": 69082,
          "5.0": 127599.75,
          "25.0": 180025.66666666666,
          "50.0": 235934.1666666667,
          "75.0": 300000,
          "95.0": 442497.75,
          "99.0": 520508.05000000005
        }
      },
      "count": 445,
      "min": 46200,
      "max": 582266,
      "avg": 251088.32808988765,
      "sum": 111734306
    },
    "cardinality": {
      "tracks": 355,
      "artists": 333,
      "albums": 289
    }
  }
}