{
  "items": {
    "durationMs": 78218227,
    "count": 312,
    "playedMs": {
      "percentiles": {
        "values": {
          "1.0": 64662.4,
          "5.0": 154285,
          "25.0": 200531.5,
          "50.0": 234678.5,
          "75.0": 300000,
          "95.0": 382378.89999999997,
          "99.0": 512849.88
        }
      },
      "count": 312,
      "min": 60000,
      "max": 540000,
      "avg": 250699.4455128205,
      "sum": 78218227
    },
    "cardinality": {
      "tracks": 248,
      "artists": 255,
      "albums": 241
    }
  }
}