{
  "items": {
    "durationMs": 112559658,
    "count": 443,
    "playedMs": {
      "percentiles": {
        "values": {
          "1.0": 68890.8,
          "5.0": 120000,
          "25.0": 180000,
          "50.0": 234371,
          "75.0": 300000,
          "95.0": 447200,
          "99.0": 559251.4199999999
        }
      },
      "count": 443,
      "min": 46200,
      "max": 637080,
      "avg": 254085.00677200902,
      "sum": 112559658
    },
    "cardinality": {
      "tracks": 345,
      "artists": 311,
      "albums": 278
    }
  }
}