{
  "items": {
    "durationMs": 52698068,
    "count": 205,
    "playedMs": {
      "percentiles": {
        "values": {
          "1.0": 60000,
          "5.0": 141366.5,
          "25.0": 180000,
          "50.0": 225226,
          "75.0": 302400,
          "95.0": 439551.25,
          "99.0": 554096.8499999997
        }
      },
      "count": 205,
      "min": 60000,
      "max": 878802,
      "avg": 257063.7463414634,
      "sum": 52698068
    },
    "cardinality": {
      "tracks": 164,
      "artists": 183,
      "albums": 130
    }
  }
}