{
  "items": {
    "durationMs": 72399135,
    "count": 301,
    "playedMs": {
      "percentiles": {
        "values": {
          "1.0": 89291.76999999999,
          "5.0": 153727,
          "25.0": 184719.5,
          "50.0": 225753,
          "75.0": 269402.75,
          "95.0": 397348.1499999998,
          "99.0": 519376
        }
      },
      "count": 301,
      "min": 60000,
      "max": 540932,
      "avg": 240528.6877076412,
      "sum": 72399135
    },
    "cardinality": {
      "tracks": 245,
      "artists": 245,
      "albums": 217
    }
  }
}