{
  "items": {
    "durationMs": 92944578,
    "count": 392,
    "playedMs": {
      "percentiles": {
        "values": {
          "1.0": 60000,
          "5.0": 157608,
          "25.0": 189019.33333333334,
          "50.0": 222266,
          "75.0": 253080,
          "95.0": 419146,
          "99.0": 528864
        }
      },
      "count": 392,
      "min": 36390,
      "max": 878802,
      "avg": 237103.51530612246,
      "sum": 92944578
    },
    "cardinality": {
      "tracks": 259,
      "artists": 251,
      "albums": 228
    }
  }
}