{
  "items": {
    "durationMs": 98948888,
    "count": 383,
    "playedMs": {
      "percentiles": {
        "values": {
          "1.0": 60000,
          "5.0": 125026.45000000001,
          "25.0": 180255.5,
          "50.0": 236159.66666666666,
          "75.0": 300488.8333333333,
          "95.0": 450000,
          "99.0": 575625
        }
      },
      "count": 383,
      "min": 30857,
      "max": 637080,
      "avg": 258352.18798955614,
      "sum": 98948888
    },
    "cardinality": {
      "tracks": 296,
      "artists": 259,
      "albums": 233
    }
  }
}