{
  "items": {
    "durationMs": 148224578,
    "count": 631,
    "playedMs": {
      "percentiles": {
        "values": {
          "1.0": 90015.3,
          "5.0": 145739.75,
          "25.0": 194890.91666666666,
          "50.0": 222580.5,
          "75.0": 256045.83333333334,
          "95.0": 368640,
          "99.0": 540953.3599999995
        }
      },
      "count": 631,
      "min": 46813,
      "max": 654367,
      "avg": 234904.2440570523,
      "sum": 148224578
    },
    "cardinality": {
      "tracks": 450,
      "artists": 485,
      "albums": 411
    }
  }
}