{
  "items": {
    "durationMs": 161423533,
    "count": 689,
    "playedMs": {
      "percentiles": {
        "values": {
          "1.0": 125943.79000000001,
          "5.0": 152631.2,
          "25.0": 195539.5625,
          "50.0": 220790,
          "75.0": 250226.9,
          "95.0": 375387,
          "99.0": 527406
        }
      },
      "count": 689,
      "min": 69201,
      "max": 654367,
      "avg": 234286.69521044992,
      "sum": 161423533
    },
    "cardinality": {
      "tracks": 464,
      "artists": 527,
      "albums": 449
    }
  }
}