{
  "items": {
    "durationMs": 144150164,
    "count": 608,
    "playedMs": {
      "percentiles": {
        "values": {
          "1.0": 88375.4,
          "5.0": 145599,
          "25.0": 195833.16666666666,
          "50.0": 226577.33333333334,
          "75.0": 265126,
          "95.0": 369916.0000000003,
          "99.0": 495211.8599999989
        }
      },
      "count": 608,
      "min": 46813,
      "max": 721800,
      "avg": 237089.0855263158,
      "sum": 144150164
    },
    "cardinality": {
      "tracks": 448,
      "artists": 423,
      "albums": 386
    }
  }
}