{
  "items": {
    "durationMs": 143031727,
    "count": 604,
    "playedMs": {
      "percentiles": {
        "values": {
          "1.0": 88090.2,
          "5.0": 145599,
          "25.0": 195454.66666666666,
          "50.0": 226426.75,
          "75.0": 264631.8333333333,
          "95.0": 372467.9999999994,
          "99.0": 496329.180000001
        }
      },
      "count": 604,
      "min": 46813,
      "max": 721800,
      "avg": 236807.4950331126,
      "sum": 143031727
    },
    "cardinality": {
      "tracks": 445,
      "artists": 417,
      "albums": 382
    }
  }
}