{
  "items": {
    "durationMs": 476811623,
    "count": 1952,
    "playedMs": {
      "percentiles": {
        "values": {
          "1.0": 90288,
          "5.0": 133664.4,
          "25.0": 180000,
          "50.0": 225944.79579831933,
          "75.0": 274824.5714285714,
          "95.0": 436328.3,
          "99.0": 546941.3600000001
        }
      },
      "count": 1952,
      "min": 30857,
      "max": 878802,
      "avg": 244268.24948770492,
      "sum": 476811623
    },
    "cardinality": {
      "tracks": 1319,
      "artists": 1063,
      "albums": 1064
    }
  }
}