{
  "items": {
    "durationMs": 241837242,
    "count": 994,
    "playedMs": {
      "percentiles": {
        "values": {
          "1.0": 60000,
          "5.0": 155231.6,
          "25.0": 182276.35,
          "50.0": 225226,
          "75.0": 264918.38095238095,
          "95.0": 432124.7999999999,
          "99.0": 545475.1599999998
        }
      },
      "count": 994,
      "min": 36390,
      "max": 878802,
      "avg": 243297.0241448692,
      "sum": 241837242
    },
    "cardinality": {
      "tracks": 638,
      "artists": 595,
      "albums": 527
    }
  }
}