{
  "items": {
    "durationMs": 494072369,
    "count": 2033,
    "playedMs": {
      "percentiles": {
        "values": {
          "1.0": 91302.26,
          "5.0": 135670.95,
          "25.0": 180206.41176470587,
          "50.0": 225342.533492823,
          "75.0": 271932.9285714286,
          "95.0": 424514.03333333303,
          "99.0": 540158.4400000001
        }
      },
      "count": 2033,
      "min": 30857,
      "max": 878802,
      "avg": 243026.25135268076,
      "sum": 494072369
    },
    "cardinality": {
      "tracks": 1364,
      "artists": 1143,
      "albums": 1129
    }
  }
}