{
  "items": {
    "durationMs": 448871612,
    "count": 1831,
    "playedMs": {
      "percentiles": {
        "values": {
          "1.0": 60000,
          "5.0": 141386.05,
          "25.0": 181685.5194805195,
          "50.0": 226928.3046875,
          "75.0": 270674.03125,
          "95.0": 426064.5999999998,
          "99.0": 531312.7500000006
        }
      },
      "count": 1831,
      "min": 30857,
      "max": 878802,
      "avg": 245151.07154560348,
      "sum": 448871612
    },
    "cardinality": {
      "tracks": 1119,
      "artists": 945,
      "albums": 931
    }
  }
}