{
  "items": {
    "durationMs": 832121675,
    "count": 3245,
    "playedMs": {
      "percentiles": {
        "values": {
          "1.0": 57600,
          "5.0": 146771.53333333335,
          "25.0": 205051.14877136753,
          "50.0": 237203.69523809524,
          "75.0": 299842.5,
          "95.0": 426636.9,
          "99.0": 534040
        }
      },
      "count": 3245,
      "min": 30151,
      "max": 1072313,
      "avg": 256431.94915254237,
      "sum": 832121675
    },
    "cardinality": {
      "tracks": 1939,
      "artists": 1417,
      "albums": 1395
    }
  }
}