{
  "items": {
    "durationMs": 832121675,
    "count": 3245,
    "playedMs": {
      "percentiles": {
        "values": {
          "1.0": 57600,
          "5.0": 146491.875,
          "25.0": 205051.07338235292,
          "50.0": 237259.50700280114,
          "75.0": 299325.7305194805,
          "95.0": 426645.1875,
          "99.0": 534040
        }
      },
      "count": 3245,
      "min": 30151,
      "max": 1072313,
      "avg": 256431.94915254237,
      "sum": 832121675
    },
    "cardinality": {
      "tracks": 1939,
      "artists": 1417,
      "albums": 1395
    }
  }
}