{
  "items": {
    "durationMs": 787460149,
    "count": 3120,
    "playedMs": {
      "percentiles": {
        "values": {
          "1.0": 57600,
          "5.0": 145638.95,
          "25.0": 203087.56698564594,
          "50.0": 234386.92962962962,
          "75.0": 291151.02470355725,
          "95.0": 418690.5,
          "99.0": 534547.9000000004
        }
      },
      "count": 3120,
      "min": 30151,
      "max": 1072313,
      "avg": 252391.0733974359,
      "sum": 787460149
    },
    "cardinality": {
      "tracks": 1927,
      "artists": 1396,
      "albums": 1382
    }
  }
}