{
  "items": {
    "durationMs": 345713507,
    "count": 1418,
    "playedMs": {
      "percentiles": {
        "values": {
          "1.0": 60000,
          "5.0": 155321.2,
          "25.0": 184646.8230769231,
          "50.0": 225742.44444444447,
          "75.0": 266965.325,
          "95.0": 420000,
          "99.0": 529275
        }
      },
      "count": 1418,
      "min": 36390,
      "max": 878802,
      "avg": 243803.60155148097,
      "sum": 345713507
    },
    "cardinality": {
      "tracks": 877,
      "artists": 787,
      "albums": 758
    }
  }
}