{
  "items": {
    "durationMs": 477791570,
    "count": 1957,
    "playedMs": {
      "percentiles": {
        "values": {
          "1.0": 60526.40000000001,
          "5.0": 141420.675,
          "25.0": 180514.83333333334,
          "50.0": 226669.98089591568,
          "75.0": 270531.9238095238,
          "95.0": 425726.23749999946,
          "99.0": 527406
        }
      },
      "count": 1957,
      "min": 30857,
      "max": 878802,
      "avg": 244144.90035769035,
      "sum": 477791570
    },
    "cardinality": {
      "tracks": 1237,
      "artists": 1046,
      "albums": 1033
    }
  }
}