{
  "items": {
    "durationMs": 492418119,
    "count": 1998,
    "playedMs": {
      "percentiles": {
        "values": {
          "1.0": 106212.08,
          "5.0": 137804.175,
          "25.0": 184691.7142857143,
          "50.0": 226019.38461538462,
          "75.0": 280622.8058608059,
          "95.0": 442500,
          "99.0": 547064
        }
      },
      "count": 1998,
      "min": 30857,
      "max": 648000,
      "avg": 246455.51501501503,
      "sum": 492418119
    },
    "cardinality": {
      "tracks": 1361,
      "artists": 1147,
      "albums": 1104
    }
  }
}