{
  "items": {
    "durationMs": 293164381,
    "count": 1210,
    "playedMs": {
      "percentiles": {
        "values": {
          "1.0": 60000,
          "5.0": 155270.66666666666,
          "25.0": 182026.76923076922,
          "50.0": 224363.3148148148,
          "75.0": 264925,
          "95.0": 424226,
          "99.0": 540372.8
        }
      },
      "count": 1210,
      "min": 36390,
      "max": 878802,
      "avg": 242284.61239669423,
      "sum": 293164381
    },
    "cardinality": {
      "tracks": 767,
      "artists": 686,
      "albums": 639
    }
  }
}