{
  "items": {
    "durationMs": 829960719,
    "count": 3240,
    "playedMs": {
      "percentiles": {
        "values": {
          "1.0": 57600,
          "5.0": 146381.66666666666,
          "25.0": 205015.29158040026,
          "50.0": 237212.27450980394,
          "75.0": 299280.86742424243,
          "95.0": 425546.5,
          "99.0": 530331.9999999997
        }
      },
      "count": 3240,
      "min": 30151,
      "max": 1072313,
      "avg": 256160.71574074074,
      "sum": 829960719
    },
    "cardinality": {
      "tracks": 1939,
      "artists": 1417,
      "albums": 1395
    }
  }
}