{
  "items": {
    "durationMs": 591075382,
    "count": 2421,
    "playedMs": {
      "percentiles": {
        "values": {
          "1.0": 114537.5,
          "5.0": 141561.04166666666,
          "25.0": 189581.23202614379,
          "50.0": 223543.38974358974,
          "75.0": 267275.1767676768,
          "95.0": 449500.39999999973,
          "99.0": 560654.2299999996
        }
      },
      "count": 2421,
      "min": 30857,
      "max": 654367,
      "avg": 244145.13919867823,
      "sum": 591075382
    },
    "cardinality": {
      "tracks": 1573,
      "artists": 1337,
      "albums": 1316
    }
  }
}