{
  "items": {
    "durationMs": 85045184,
    "count": 324,
    "playedMs": {
      "percentiles": {
        "values": {
          "1.0": 97941.28000000001,
          "5.0": 160430.4,
          "25.0": 180000,
          "50.0": 232244,
          "75.0": 298506,
          "95.0": 443371.50000000006,
          "99.0": 594805.3999999998
        }
      },
      "count": 324,
      "min": 60000,
      "max": 878802,
      "avg": 262485.13580246916,
      "sum": 85045184
    },
    "cardinality": {
      "tracks": 260,
      "artists": 270,
      "albums": 202
    }
  }
}