{
  "items": {
    "durationMs": 66151679,
    "count": 257,
    "playedMs": {
      "percentiles": {
        "values": {
          "1.0": 60000,
          "5.0": 141053.7,
          "25.0": 180000,
          "50.0": 228013,
          "75.0": 300000,
          "95.0": 435541.54999999993,
          "99.0": 542460.54
        }
      },
      "count": 257,
      "min": 60000,
      "max": 878802,
      "avg": 257399.52918287937,
      "sum": 66151679
    },
    "cardinality": {
      "tracks": 199,
      "artists": 234,
      "albums": 162
    }
  }
}