{
  "items": {
    "durationMs": 61343505,
    "count": 260,
    "playedMs": {
      "percentiles": {
        "values": {
          "1.0": 94099,
          "5.0": 153727,
          "25.0": 180000,
          "50.0": 217706.33333333334,
          "75.0": 254451.5,
          "95.0": 420665.5,
          "99.0": 516881.29999999946
        }
      },
      "count": 260,
      "min": 36390,
      "max": 878802,
      "avg": 235936.5576923077,
      "sum": 61343505
    },
    "cardinality": {
      "tracks": 215,
      "artists": 217,
      "albums": 187
    }
  }
}