{
  "items": {
    "durationMs": 86901264,
    "count": 353,
    "playedMs": {
      "percentiles": {
        "values": {
          "1.0": 60000,
          "5.0": 162192.55,
          "25.0": 197431.75,
          "50.0": 229284.66666666666,
          "75.0": 264966,
          "95.0": 473229.99999999977,
          "99.0": 587827.9799999999
        }
      },
      "count": 353,
      "min": 60000,
      "max": 612040,
      "avg": 246179.2181303116,
      "sum": 86901264
    },
    "cardinality": {
      "tracks": 244,
      "artists": 222,
      "albums": 197
    }
  }
}