{
  "items": {
    "durationMs": 109177800,
    "count": 426,
    "playedMs": {
      "percentiles": {
        "values": {
          "1.0": 130225.44,
          "5.0": 148276.8,
          "25.0": 190066,
          "50.0": 218751.5,
          "75.0": 263725.6666666667,
          "95.0": 527406,
          "99.0": 578973
        }
      },
      "count": 426,
      "min": 90000,
      "max": 578973,
      "avg": 256285.91549295775,
      "sum": 109177800
    },
    "cardinality": {
      "tracks": 312,
      "artists": 338,
      "albums": 290
    }
  }
}