{
  "items": {
    "durationMs": 101508560,
    "count": 401,
    "playedMs": {
      "percentiles": {
        "values": {
          "1.0": 64875.6,
          "5.0": 146867.15000000002,
          "25.0": 194255.83333333334,
          "50.0": 238736,
          "75.0": 300000,
          "95.0": 429314.19999999984,
          "99.0": 523702.89000000013
        }
      },
      "count": 401,
      "min": 46200,
      "max": 582266,
      "avg": 253138.5536159601,
      "sum": 101508560
    },
    "cardinality": {
      "tracks": 333,
      "artists": 316,
      "albums": 271
    }
  }
}