{
  "items": {
    "durationMs": 51719718,
    "count": 204,
    "playedMs": {
      "percentiles": {
        "values": {
          "1.0": 60000,
          "5.0": 155198.5,
          "25.0": 202559,
          "50.0": 238085,
          "75.0": 308085,
          "95.0": 381646.3,
          "99.0": 491260.04000000027
        }
      },
      "count": 204,
      "min": 60000,
      "max": 519376,
      "avg": 253528.0294117647,
      "sum": 51719718
    },
    "cardinality": {
      "tracks": 174,
      "artists": 188,
      "albums": 155
    }
  }
}