{
  "items": {
    "durationMs": 68552233,
    "count": 264,
    "playedMs": {
      "percentiles": {
        "values": {
          "1.0": 107440,
          "5.0": 137413.30000000002,
          "25.0": 185733,
          "50.0": 236100,
          "75.0": 309895,
          "95.0": 444749.9999999999,
          "99.0": 575625
        }
      },
      "count": 264,
      "min": 30857,
      "max": 637080,
      "avg": 259667.54924242425,
      "sum": 68552233
    },
    "cardinality": {
      "tracks": 191,
      "artists": 190,
      "albums": 159
    }
  }
}