{
  "items": {
    "durationMs": 68310519,
    "count": 265,
    "playedMs": {
      "percentiles": {
        "values": {
          "1.0": 60000,
          "5.0": 141366.5,
          "25.0": 180000,
          "50.0": 228013,
          "75.0": 300000,
          "95.0": 436409.75,
          "99.0": 541326.3000000003
        }
      },
      "count": 265,
      "min": 60000,
      "max": 878802,
      "avg": 257775.54339622642,
      "sum": 68310519
    },
    "cardinality": {
      "tracks": 205,
      "artists": 237,
      "albums": 167
    }
  }
}