{
  "items": {
    "durationMs": 89511814,
    "count": 388,
    "playedMs": {
      "percentiles": {
        "values": {
          "1.0": 120974,
          "5.0": 129017.9,
          "25.0": 182147.66666666666,
          "50.0": 220708,
          "75.0": 261068.33333333334,
          "95.0": 369608.79999999964,
          "99.0": 614999.3400000003
        }
      },
      "count": 388,
      "min": 98066,
      "max": 637080,
      "avg": 230700.55154639174,
      "sum": 89511814
    },
    "cardinality": {
      "tracks": 301,
      "artists": 304,
      "albums": 239
    }
  }
}