{
  "items": {
    "durationMs": 83701532,
    "count": 335,
    "playedMs": {
      "percentiles": {
        "values": {
          "1.0": 130346.4,
          "5.0": 150504,
          "25.0": 191342.75,
          "50.0": 222494,
          "75.0": 265050.75,
          "95.0": 477423.25,
          "99.0": 551850.3499999993
        }
      },
      "count": 335,
      "min": 108000,
      "max": 637080,
      "avg": 249855.31940298507,
      "sum": 83701532
    },
    "cardinality": {
      "tracks": 262,
      "artists": 299,
      "albums": 245
    }
  }
}