{
  "items": {
    "durationMs": 12374711228,
    "count": 52494,
    "playedMs": {
      "percentiles": {
        "values": {
          "1.0": 37491.12238596491,
          "5.0": 80775.5893119832,
          "25.0": 182168.15601565022,
          "50.0": 221371.83997307144,
          "75.0": 275975.52906066447,
          "95.0": 424046.1361666665,
          "99.0": 533090.063238095
        }
      },
      "count": 52494,
      "min": 30024,
      "max": 3538579,
      "avg": 235735.72652112623,
      "sum": 12374711228
    },
    "cardinality": {
      "tracks": 20376,
      "artists": 10897,
      "albums": 14558
    }
  }
}