{
  "items": {
    "durationMs": 12259857643,
    "count": 52032,
    "playedMs": {
      "percentiles": {
        "values": {
          "1.0": 37425.962318840575,
          "5.0": 80402.37193075742,
          "25.0": 182066.88644875723,
          "50.0": 221337.8878373375,
          "75.0": 275958.51813746116,
          "95.0": 423396.5322501223,
          "99.0": 532280.914805195
        }
      },
      "count": 52032,
      "min": 30024,
      "max": 3538579,
      "avg": 235621.49529135917,
      "sum": 12259857643
    },
    "cardinality": {
      "tracks": 20361,
      "artists": 10804,
      "albums": 14532
    }
  }
}