{
  "items": {
    "durationMs": 13079756362,
    "count": 55368,
    "playedMs": {
      "percentiles": {
        "values": {
          "1.0": 38122.35600000001,
          "5.0": 83431.71032372507,
          "25.0": 182267.20073172727,
          "50.0": 221629.43051410417,
          "75.0": 275774.59289468295,
          "95.0": 424151.8174571803,
          "99.0": 534271.7443333333
        }
      },
      "count": 55368,
      "min": 30024,
      "max": 3538579,
      "avg": 236233.13758849876,
      "sum": 13079756362
    },
    "cardinality": {
      "tracks": 21308,
      "artists": 11371,
      "albums": 15117
    }
  }
}