{
  "items": {
    "durationMs": 12738331333,
    "count": 53970,
    "playedMs": {
      "percentiles": {
        "values": {
          "1.0": 37782.416666666664,
          "5.0": 82081.4706318995,
          "25.0": 182232.50376147663,
          "50.0": 221388.94569602108,
          "75.0": 275801.1324277881,
          "95.0": 424954.8421474359,
          "99.0": 534535.2640000007
        }
      },
      "count": 53970,
      "min": 30024,
      "max": 3538579,
      "avg": 236026.1503242542,
      "sum": 12738331333
    },
    "cardinality": {
      "tracks": 20920,
      "artists": 11203,
      "albums": 14822
    }
  }
}