{
  "items": {
    "durationMs": 13080888783,
    "count": 55373,
    "playedMs": {
      "percentiles": {
        "values": {
          "1.0": 38146.781071428566,
          "5.0": 83331.73320973515,
          "25.0": 182190.41615764002,
          "50.0": 221598.52861862065,
          "75.0": 275752.28708074905,
          "95.0": 424479.44043999497,
          "99.0": 534255.7969999994
        }
      },
      "count": 55373,
      "min": 30024,
      "max": 3538579,
      "avg": 236232.25729145974,
      "sum": 13080888783
    },
    "cardinality": {
      "tracks": 21308,
      "artists": 11371,
      "albums": 15117
    }
  }
}