{
  "items": {
    "durationMs": 12839051541,
    "count": 54379,
    "playedMs": {
      "percentiles": {
        "values": {
          "1.0": 37934.27591666666,
          "5.0": 82542.95981874448,
          "25.0": 182270.12631046152,
          "50.0": 221533.8419027272,
          "75.0": 275889.2200793498,
          "95.0": 424410.4603023908,
          "99.0": 534046.7288333332
        }
      },
      "count": 54379,
      "min": 30024,
      "max": 3538579,
      "avg": 236103.11960499457,
      "sum": 12839051541
    },
    "cardinality": {
      "tracks": 20938,
      "artists": 11255,
      "albums": 14887
    }
  }
}