{
  "items": {
    "durationMs": 13072162839,
    "count": 55332,
    "playedMs": {
      "percentiles": {
        "values": {
          "1.0": 38109.34380952381,
          "5.0": 83448.5471379694,
          "25.0": 182281.04645553126,
          "50.0": 221645.9011189175,
          "75.0": 275677.13640651526,
          "95.0": 424406.4697552445,
          "99.0": 534344.7223333335
        }
      },
      "count": 55332,
      "min": 30024,
      "max": 3538579,
      "avg": 236249.59949034915,
      "sum": 13072162839
    },
    "cardinality": {
      "tracks": 21308,
      "artists": 11363,
      "albums": 15109
    }
  }
}