{
  "items": {
    "durationMs": 12786622600,
    "count": 54158,
    "playedMs": {
      "percentiles": {
        "values": {
          "1.0": 37819.77422222222,
          "5.0": 82265.16769999999,
          "25.0": 182283.06329200033,
          "50.0": 221310.40098027908,
          "75.0": 275911.885178783,
          "95.0": 424614.31386452523,
          "99.0": 534073.5887999997
        }
      },
      "count": 54158,
      "min": 30024,
      "max": 3538579,
      "avg": 236098.50068318623,
      "sum": 12786622600
    },
    "cardinality": {
      "tracks": 20938,
      "artists": 11231,
      "albums": 14861
    }
  }
}