{
  "items": {
    "durationMs": 12943154802,
    "count": 54816,
    "playedMs": {
      "percentiles": {
        "values": {
          "1.0": 37997.14848,
          "5.0": 82945.66646521931,
          "25.0": 182282.80665059347,
          "50.0": 221526.8628330669,
          "75.0": 275714.4640603948,
          "95.0": 424541.1226895579,
          "99.0": 533971.7236666661
        }
      },
      "count": 54816,
      "min": 30024,
      "max": 3538579,
      "avg": 236120.01609019266,
      "sum": 12943154802
    },
    "cardinality": {
      "tracks": 21064,
      "artists": 11319,
      "albums": 14907
    }
  }
}