{
  "items": {
    "durationMs": 13080616389,
    "count": 55372,
    "playedMs": {
      "percentiles": {
        "values": {
          "1.0": 38112.33928571428,
          "5.0": 83160.5379472693,
          "25.0": 182270.78365518406,
          "50.0": 221643.29299083515,
          "75.0": 275774.59289468295,
          "95.0": 424875.78877550986,
          "99.0": 534275.9370129869
        }
      },
      "count": 55372,
      "min": 30024,
      "max": 3538579,
      "avg": 236231.60422235064,
      "sum": 13080616389
    },
    "cardinality": {
      "tracks": 21308,
      "artists": 11371,
      "albums": 15117
    }
  }
}