{
  "items": {
    "durationMs": 12576707926,
    "count": 53332,
    "playedMs": {
      "percentiles": {
        "values": {
          "1.0": 37609.75911764706,
          "5.0": 81573.22232245367,
          "25.0": 182226.79912279773,
          "50.0": 221272.3964603795,
          "75.0": 275745.0013219588,
          "95.0": 424377.07335583656,
          "99.0": 534515.6561904763
        }
      },
      "count": 53332,
      "min": 30024,
      "max": 3538579,
      "avg": 235819.1690917273,
      "sum": 12576707926
    },
    "cardinality": {
      "tracks": 20655,
      "artists": 11097,
      "albums": 14579
    }
  }
}