{
  "items": {
    "durationMs": 12675458183,
    "count": 53722,
    "playedMs": {
      "percentiles": {
        "values": {
          "1.0": 37723.637314685315,
          "5.0": 81850.6134375,
          "25.0": 182261.9857823291,
          "50.0": 221434.9213531451,
          "75.0": 275828.6185254638,
          "95.0": 424396.67957243294,
          "99.0": 534223.7140740738
        }
      },
      "count": 53722,
      "min": 30024,
      "max": 3538579,
      "avg": 235945.38890957148,
      "sum": 12675458183
    },
    "cardinality": {
      "tracks": 20889,
      "artists": 11164,
      "albums": 14773
    }
  }
}