{
  "items": {
    "durationMs": 13079756362,
    "count": 55368,
    "playedMs": {
      "percentiles": {
        "values": {
          "1.0": 38131.81054545455,
          "5.0": 83443.8445571628,
          "25.0": 182278.560597205,
          "50.0": 221618.53886434154,
          "75.0": 275753.0627824734,
          "95.0": 424548.2982473544,
          "99.0": 534265.7686666666
        }
      },
      "count": 55368,
      "min": 30024,
      "max": 3538579,
      "avg": 236233.13758849876,
      "sum": 13079756362
    },
    "cardinality": {
      "tracks": 21308,
      "artists": 11371,
      "albums": 15117
    }
  }
}