{
  "items": {
    "durationMs": 13080616389,
    "count": 55372,
    "playedMs": {
      "percentiles": {
        "values": {
          "1.0": 38112.33928571428,
          "5.0": 83448.5471379694,
          "25.0": 182273.40322603888,
          "50.0": 221479.28449180117,
          "75.0": 275700.90082283766,
          "95.0": 424540.9968915342,
          "99.0": 534257.7913333331
        }
      },
      "count": 55372,
      "min": 30024,
      "max": 3538579,
      "avg": 236231.60422235064,
      "sum": 13080616389
    },
    "cardinality": {
      "tracks": 21308,
      "artists": 11371,
      "albums": 15117
    }
  }
}