{
  "items": {
    "durationMs": 13079756362,
    "count": 55368,
    "playedMs": {
      "percentiles": {
        "values": {
          "1.0": 38111.20238095238,
          "5.0": 83443.89404425301,
          "25.0": 182273.40768647857,
          "50.0": 221636.63634913554,
          "75.0": 275700.90082283766,
          "95.0": 424509.3327004219,
          "99.0": 534271.7443333333
        }
      },
      "count": 55368,
      "min": 30024,
      "max": 3538579,
      "avg": 236233.13758849876,
      "sum": 13079756362
    },
    "cardinality": {
      "tracks": 21308,
      "artists": 11371,
      "albums": 15117
    }
  }
}