{
  "items": {
    "durationMs": 13072162839,
    "count": 55332,
    "playedMs": {
      "percentiles": {
        "values": {
          "1.0": 38123.192051948055,
          "5.0": 83445.33890522245,
          "25.0": 182202.30263596572,
          "50.0": 221595.35200302937,
          "75.0": 275724.96647447103,
          "95.0": 424887.76480836206,
          "99.0": 534344.7223333335
        }
      },
      "count": 55332,
      "min": 30024,
      "max": 3538579,
      "avg": 236249.59949034915,
      "sum": 13072162839
    },
    "cardinality": {
      "tracks": 21308,
      "artists": 11363,
      "albums": 15109
    }
  }
}