{
  "items": {
    "durationMs": 12543784002,
    "count": 53184,
    "playedMs": {
      "percentiles": {
        "values": {
          "1.0": 37587.32124401914,
          "5.0": 81422.71656084657,
          "25.0": 182318.99951651893,
          "50.0": 221366.8773009599,
          "75.0": 275791.7383982086,
          "95.0": 424291.01359599736,
          "99.0": 534626.315641025
        }
      },
      "count": 53184,
      "min": 30024,
      "max": 3538579,
      "avg": 235856.34781137184,
      "sum": 12543784002
    },
    "cardinality": {
      "tracks": 20556,
      "artists": 11032,
      "albums": 14418
    }
  }
}