{
  "items": {
    "durationMs": 12518435922,
    "count": 53096,
    "playedMs": {
      "percentiles": {
        "values": {
          "1.0": 37575.50998319328,
          "5.0": 81348.04137529137,
          "25.0": 182282.0610268032,
          "50.0": 221254.8463475222,
          "75.0": 275683.3299049568,
          "95.0": 424010.759607843,
          "99.0": 533877.8175000001
        }
      },
      "count": 53096,
      "min": 30024,
      "max": 3538579,
      "avg": 235769.84936718398,
      "sum": 12518435922
    },
    "cardinality": {
      "tracks": 20547,
      "artists": 11022,
      "albums": 14455
    }
  }
}