{
  "items": {
    "durationMs": 12226743995,
    "count": 51894,
    "playedMs": {
      "percentiles": {
        "values": {
          "1.0": 37407.1408,
          "5.0": 80291.9135319149,
          "25.0": 182013.82839158966,
          "50.0": 221357.44774893858,
          "75.0": 275955.3834558545,
          "95.0": 423473.3601914988,
          "99.0": 531925.3439999995
        }
      },
      "count": 51894,
      "min": 30024,
      "max": 3538579,
      "avg": 235609.9740817821,
      "sum": 12226743995
    },
    "cardinality": {
      "tracks": 20361,
      "artists": 10796,
      "albums": 14479
    }
  }
}