{
  "items": {
    "durationMs": 13080888783,
    "count": 55373,
    "playedMs": {
      "percentiles": {
        "values": {
          "1.0": 38133.00755844156,
          "5.0": 83449.5601435738,
          "25.0": 182271.7435179032,
          "50.0": 221667.45220055155,
          "75.0": 275761.1361318283,
          "95.0": 424539.1715525794,
          "99.0": 534245.373666666
        }
      },
      "count": 55373,
      "min": 30024,
      "max": 3538579,
      "avg": 236232.25729145974,
      "sum": 13080888783
    },
    "cardinality": {
      "tracks": 21308,
      "artists": 11371,
      "albums": 15117
    }
  }
}