{
  "items": {
    "durationMs": 448381012,
    "count": 1829,
    "playedMs": {
      "percentiles": {
        "values": {
          "1.0": 60000,
          "5.0": 141288.30000000002,
          "25.0": 181676.89574314575,
          "50.0": 226969.6666666667,
          "75.0": 270477.75,
          "95.0": 426792.74999999994,
          "99.0": 531527.2500000003
        }
      },
      "count": 1829,
      "min": 30857,
      "max": 878802,
      "avg": 245150.908693275,
      "sum": 448381012
    },
    "cardinality": {
      "tracks": 1119,
      "artists": 945,
      "albums": 931
    }
  }
}