{
  "items": {
    "durationMs": 723710023,
    "count": 2937,
    "playedMs": {
      "percentiles": {
        "values": {
          "1.0": 109980.76000000001,
          "5.0": 144783.26249999998,
          "25.0": 194987.85624999998,
          "50.0": 227030.7741935484,
          "75.0": 271705.64705882355,
          "95.0": 436595.00000000006,
          "99.0": 547127.05
        }
      },
      "count": 2937,
      "min": 45958,
      "max": 721800,
      "avg": 246411.31188287368,
      "sum": 723710023
    },
    "cardinality": {
      "tracks": 1876,
      "artists": 1507,
      "albums": 1554
    }
  }
}