{
  "items": {
    "durationMs": 443091789,
    "count": 1811,
    "playedMs": {
      "percentiles": {
        "values": {
          "1.0": 60000,
          "5.0": 143544.71333333338,
          "25.0": 181325.7142857143,
          "50.0": 226785.0285714286,
          "75.0": 268272.7916666667,
          "95.0": 424203.1833333333,
          "99.0": 533457.7499999986
        }
      },
      "count": 1811,
      "min": 30857,
      "max": 878802,
      "avg": 244666.91827719493,
      "sum": 443091789
    },
    "cardinality": {
      "tracks": 1086,
      "artists": 945,
      "albums": 931
    }
  }
}