{
  "items": {
    "durationMs": 252769050,
    "count": 1044,
    "playedMs": {
      "percentiles": {
        "values": {
          "1.0": 60000,
          "5.0": 156000,
          "25.0": 180543.8,
          "50.0": 223934.24074074073,
          "75.0": 261671.5,
          "95.0": 431021.7999999999,
          "99.0": 543669.6599999998
        }
      },
      "count": 1044,
      "min": 36390,
      "max": 878802,
      "avg": 242115.94827586206,
      "sum": 252769050
    },
    "cardinality": {
      "tracks": 661,
      "artists": 611,
      "albums": 546
    }
  }
}