{
  "items": {
    "durationMs": 526764957,
    "count": 2126,
    "playedMs": {
      "percentiles": {
        "values": {
          "1.0": 107440,
          "5.0": 140012.86666666667,
          "25.0": 187625.38181818184,
          "50.0": 225293.64166666663,
          "75.0": 276059.88,
          "95.0": 449626,
          "99.0": 575625
        }
      },
      "count": 2126,
      "min": 30857,
      "max": 654367,
      "avg": 247772.7925682032,
      "sum": 526764957
    },
    "cardinality": {
      "tracks": 1395,
      "artists": 1200,
      "albums": 1161
    }
  }
}