{
  "items": {
    "durationMs": 734676379,
    "count": 2946,
    "playedMs": {
      "percentiles": {
        "values": {
          "1.0": 57600,
          "5.0": 141747.34666666668,
          "25.0": 200802.24444444443,
          "50.0": 232432.32091097307,
          "75.0": 282501.54497354495,
          "95.0": 411946.93333333294,
          "99.0": 537734.3999999999
        }
      },
      "count": 2946,
      "min": 30151,
      "max": 1072313,
      "avg": 249380.9840461643,
      "sum": 734676379
    },
    "cardinality": {
      "tracks": 1775,
      "artists": 1406,
      "albums": 1399
    }
  }
}