{
  "items": {
    "durationMs": 781814404,
    "count": 3186,
    "playedMs": {
      "percentiles": {
        "values": {
          "1.0": 57600,
          "5.0": 136821.11904761905,
          "25.0": 197944.4719251337,
          "50.0": 229185.28371628374,
          "75.0": 275543.1820728291,
          "95.0": 421088.9399999998,
          "99.0": 547064
        }
      },
      "count": 3186,
      "min": 30151,
      "max": 878802,
      "avg": 245390.5850596359,
      "sum": 781814404
    },
    "cardinality": {
      "tracks": 1944,
      "artists": 1531,
      "albums": 1556
    }
  }
}