{
  "items": {
    "durationMs": 790461311,
    "count": 3200,
    "playedMs": {
      "percentiles": {
        "values": {
          "1.0": 57600,
          "5.0": 142471.85833333334,
          "25.0": 199657.51333333334,
          "50.0": 230033.4266666667,
          "75.0": 277004.3934065934,
          "95.0": 419687.64285714284,
          "99.0": 547064
        }
      },
      "count": 3200,
      "min": 30151,
      "max": 878802,
      "avg": 247019.1596875,
      "sum": 790461311
    },
    "cardinality": {
      "tracks": 1905,
      "artists": 1541,
      "albums": 1566
    }
  }
}