{
  "items": {
    "durationMs": 818006971,
    "count": 3201,
    "playedMs": {
      "percentiles": {
        "values": {
          "1.0": 57600,
          "5.0": 146016.83333333334,
          "25.0": 205211.51335050148,
          "50.0": 237105.7138888889,
          "75.0": 298782.8187799043,
          "95.0": 422562.46999999974,
          "99.0": 528831.6599999995
        }
      },
      "count": 3201,
      "min": 30151,
      "max": 1072313,
      "avg": 255547.31990003123,
      "sum": 818006971
    },
    "cardinality": {
      "tracks": 1938,
      "artists": 1422,
      "albums": 1400
    }
  }
}