{
  "items": {
    "durationMs": 383410604,
    "count": 1565,
    "playedMs": {
      "percentiles": {
        "values": {
          "1.0": 60000,
          "5.0": 154801.25,
          "25.0": 184685.84375,
          "50.0": 226512.1224489796,
          "75.0": 267616.0208333334,
          "95.0": 422857,
          "99.0": 538391.2499999991
        }
      },
      "count": 1565,
      "min": 30857,
      "max": 878802,
      "avg": 244990.80127795527,
      "sum": 383410604
    },
    "cardinality": {
      "tracks": 951,
      "artists": 847,
      "albums": 817
    }
  }
}