{
  "items": {
    "durationMs": 718425028,
    "count": 2907,
    "playedMs": {
      "percentiles": {
        "values": {
          "1.0": 119800.04999999999,
          "5.0": 145977.18333333332,
          "25.0": 195410.26488095234,
          "50.0": 227117.1092436975,
          "75.0": 273335.09375,
          "95.0": 437001.66666666674,
          "99.0": 547272.5499999999
        }
      },
      "count": 2907,
      "min": 45958,
      "max": 721800,
      "avg": 247136.23254213965,
      "sum": 718425028
    },
    "cardinality": {
      "tracks": 1842,
      "artists": 1506,
      "albums": 1555
    }
  }
}