{
  "items": {
    "durationMs": 351815789,
    "count": 1450,
    "playedMs": {
      "percentiles": {
        "values": {
          "1.0": 60000,
          "5.0": 153727,
          "25.0": 182956.9375,
          "50.0": 225228.67857142858,
          "75.0": 266366.3076923077,
          "95.0": 420000,
          "99.0": 529275
        }
      },
      "count": 1450,
      "min": 36390,
      "max": 878802,
      "avg": 242631.57862068966,
      "sum": 351815789
    },
    "cardinality": {
      "tracks": 889,
      "artists": 810,
      "albums": 775
    }
  }
}