{
  "items": {
    "durationMs": 553630870,
    "count": 2256,
    "playedMs": {
      "percentiles": {
        "values": {
          "1.0": 109565,
          "5.0": 141150.84000000003,
          "25.0": 188987.9841269841,
          "50.0": 223422.15789473685,
          "75.0": 268073.78787878784,
          "95.0": 449626,
          "99.0": 575113.8600000005
        }
      },
      "count": 2256,
      "min": 30857,
      "max": 654367,
      "avg": 245403.75443262412,
      "sum": 553630870
    },
    "cardinality": {
      "tracks": 1482,
      "artists": 1249,
      "albums": 1204
    }
  }
}