{
  "items": {
    "durationMs": 516629800,
    "count": 2084,
    "playedMs": {
      "percentiles": {
        "values": {
          "1.0": 106653.94,
          "5.0": 138011.69999999998,
          "25.0": 186100,
          "50.0": 225897.87912087917,
          "75.0": 280096.5337301587,
          "95.0": 449626,
          "99.0": 564016.4199999986
        }
      },
      "count": 2084,
      "min": 30857,
      "max": 648000,
      "avg": 247902.97504798466,
      "sum": 516629800
    },
    "cardinality": {
      "tracks": 1395,
      "artists": 1178,
      "albums": 1137
    }
  }
}