{
  "items": {
    "durationMs": 735344613,
    "count": 3027,
    "playedMs": {
      "percentiles": {
        "values": {
          "1.0": 57600,
          "5.0": 133304.68,
          "25.0": 192847.7402255639,
          "50.0": 226249.84297520664,
          "75.0": 270680.2777777778,
          "95.0": 435831.95,
          "99.0": 547064
        }
      },
      "count": 3027,
      "min": 30151,
      "max": 721800,
      "avg": 242928.51437066402,
      "sum": 735344613
    },
    "cardinality": {
      "tracks": 1860,
      "artists": 1530,
      "albums": 1558
    }
  }
}