{
  "items": {
    "durationMs": 778530070,
    "count": 3094,
    "playedMs": {
      "percentiles": {
        "values": {
          "1.0": 57600,
          "5.0": 145470.66666666666,
          "25.0": 203184.22499999998,
          "50.0": 234199.1631016043,
          "75.0": 289204.9880952381,
          "95.0": 416402.18666666624,
          "99.0": 534040
        }
      },
      "count": 3094,
      "min": 30151,
      "max": 1072313,
      "avg": 251625.7498383969,
      "sum": 778530070
    },
    "cardinality": {
      "tracks": 1905,
      "artists": 1423,
      "albums": 1405
    }
  }
}