{
  "items": {
    "durationMs": 829511129,
    "count": 3239,
    "playedMs": {
      "percentiles": {
        "values": {
          "1.0": 57600,
          "5.0": 146551.86000000002,
          "25.0": 205007.52536231882,
          "50.0": 237142.19495798319,
          "75.0": 299233.0808080808,
          "95.0": 425017.34999999986,
          "99.0": 530373.2000000005
        }
      },
      "count": 3239,
      "min": 30151,
      "max": 1072313,
      "avg": 256100.99691262736,
      "sum": 829511129
    },
    "cardinality": {
      "tracks": 1939,
      "artists": 1417,
      "albums": 1395
    }
  }
}