{
  "items": {
    "durationMs": 737086733,
    "count": 2988,
    "playedMs": {
      "percentiles": {
        "values": {
          "1.0": 89600,
          "5.0": 142029.28666666668,
          "25.0": 195083.82777777777,
          "50.0": 227333.97702702702,
          "75.0": 273878.43840579706,
          "95.0": 436628.5599999999,
          "99.0": 547064
        }
      },
      "count": 2988,
      "min": 30151,
      "max": 721800,
      "avg": 246682.30689424364,
      "sum": 737086733
    },
    "cardinality": {
      "tracks": 1870,
      "artists": 1529,
      "albums": 1580
    }
  }
}