{
  "items": {
    "durationMs": 742844758,
    "count": 2987,
    "playedMs": {
      "percentiles": {
        "values": {
          "1.0": 57600,
          "5.0": 142202.02999999997,
          "25.0": 199572.38809523807,
          "50.0": 230994.95813397132,
          "75.0": 280136.26428571425,
          "95.0": 424418.1916666667,
          "99.0": 547064
        }
      },
      "count": 2987,
      "min": 30151,
      "max": 1072313,
      "avg": 248692.58721124876,
      "sum": 742844758
    },
    "cardinality": {
      "tracks": 1787,
      "artists": 1444,
      "albums": 1447
    }
  }
}