{
  "items": {
    "durationMs": 366256919,
    "count": 1507,
    "playedMs": {
      "percentiles": {
        "values": {
          "1.0": 60000,
          "5.0": 154429.55000000002,
          "25.0": 184189.859375,
          "50.0": 225432,
          "75.0": 266318.06587301585,
          "95.0": 420000,
          "99.0": 529275
        }
      },
      "count": 1507,
      "min": 30857,
      "max": 878802,
      "avg": 243037.10617120107,
      "sum": 366256919
    },
    "cardinality": {
      "tracks": 903,
      "artists": 827,
      "albums": 795
    }
  }
}