{
  "items": {
    "durationMs": 719358808,
    "count": 2900,
    "playedMs": {
      "percentiles": {
        "values": {
          "1.0": 57600,
          "5.0": 141123,
          "25.0": 199681.6581027668,
          "50.0": 231383.061302682,
          "75.0": 280433.0285714286,
          "95.0": 415363,
          "99.0": 538590
        }
      },
      "count": 2900,
      "min": 30151,
      "max": 1072313,
      "avg": 248054.76137931034,
      "sum": 719358808
    },
    "cardinality": {
      "tracks": 1763,
      "artists": 1412,
      "albums": 1412
    }
  }
}