{
  "items": {
    "durationMs": 484784490,
    "count": 1968,
    "playedMs": {
      "percentiles": {
        "values": {
          "1.0": 106190.78,
          "5.0": 137984,
          "25.0": 184756.59999999998,
          "50.0": 226152.41836734695,
          "75.0": 279287.21428571426,
          "95.0": 442500,
          "99.0": 547064
        }
      },
      "count": 1968,
      "min": 30857,
      "max": 648000,
      "avg": 246333.58231707316,
      "sum": 484784490
    },
    "cardinality": {
      "tracks": 1345,
      "artists": 1120,
      "albums": 1086
    }
  }
}