{
  "items": {
    "durationMs": 405158206,
    "count": 1650,
    "playedMs": {
      "percentiles": {
        "values": {
          "1.0": 60000,
          "5.0": 153727,
          "25.0": 183683.84615384616,
          "50.0": 226682.5,
          "75.0": 268916.00694444444,
          "95.0": 428247.5,
          "99.0": 540000
        }
      },
      "count": 1650,
      "min": 30857,
      "max": 878802,
      "avg": 245550.4278787879,
      "sum": 405158206
    },
    "cardinality": {
      "tracks": 993,
      "artists": 876,
      "albums": 855
    }
  }
}