{
  "items": {
    "durationMs": 638622985,
    "count": 2608,
    "playedMs": {
      "percentiles": {
        "values": {
          "1.0": 107440,
          "5.0": 141579,
          "25.0": 190130.29807692306,
          "50.0": 224881.33500557413,
          "75.0": 268204.57130124775,
          "95.0": 449597.2,
          "99.0": 570683.9800000006
        }
      },
      "count": 2608,
      "min": 30857,
      "max": 721800,
      "avg": 244870.7764570552,
      "sum": 638622985
    },
    "cardinality": {
      "tracks": 1696,
      "artists": 1402,
      "albums": 1417
    }
  }
}