{
  "items": {
    "durationMs": 550054840,
    "count": 2238,
    "playedMs": {
      "percentiles": {
        "values": {
          "1.0": 107440,
          "5.0": 141123,
          "25.0": 188589.59595959596,
          "50.0": 223284.24615384618,
          "75.0": 268381.75,
          "95.0": 449626,
          "99.0": 575625
        }
      },
      "count": 2238,
      "min": 30857,
      "max": 654367,
      "avg": 245779.64253798034,
      "sum": 550054840
    },
    "cardinality": {
      "tracks": 1477,
      "artists": 1244,
      "albums": 1203
    }
  }
}