{
  "items": {
    "durationMs": 264339223,
    "count": 1091,
    "playedMs": {
      "percentiles": {
        "values": {
          "1.0": 60000,
          "5.0": 156048,
          "25.0": 181819.24404761902,
          "50.0": 224042.72000000003,
          "75.0": 262024.875,
          "95.0": 430178.0000000002,
          "99.0": 542419.3899999998
        }
      },
      "count": 1091,
      "min": 36390,
      "max": 878802,
      "avg": 242290.7635197067,
      "sum": 264339223
    },
    "cardinality": {
      "tracks": 688,
      "artists": 630,
      "albums": 574
    }
  }
}