{
  "items": {
    "durationMs": 718614505,
    "count": 2928,
    "playedMs": {
      "percentiles": {
        "values": {
          "1.0": 108862.68,
          "5.0": 144010.53333333333,
          "25.0": 193786.0880952381,
          "50.0": 226367.06000000003,
          "75.0": 270625.0117647059,
          "95.0": 436467.72000000003,
          "99.0": 547064
        }
      },
      "count": 2928,
      "min": 45958,
      "max": 721800,
      "avg": 245428.4511612022,
      "sum": 718614505
    },
    "cardinality": {
      "tracks": 1875,
      "artists": 1510,
      "albums": 1558
    }
  }
}