{
  "items": {
    "durationMs": 696046478,
    "count": 2827,
    "playedMs": {
      "percentiles": {
        "values": {
          "1.0": 107440,
          "5.0": 143181.71666666665,
          "25.0": 192546.4296296296,
          "50.0": 226001.0673076923,
          "75.0": 271586.95,
          "95.0": 442850.4600000001,
          "99.0": 560109.0100000002
        }
      },
      "count": 2827,
      "min": 30857,
      "max": 721800,
      "avg": 246213.82313406438,
      "sum": 696046478
    },
    "cardinality": {
      "tracks": 1833,
      "artists": 1487,
      "albums": 1529
    }
  }
}