{
  "items": {
    "durationMs": 453411770,
    "count": 1842,
    "playedMs": {
      "percentiles": {
        "values": {
          "1.0": 60000,
          "5.0": 152649.2,
          "25.0": 185813.80000000002,
          "50.0": 229244.71578947367,
          "75.0": 277706.97619047615,
          "95.0": 421939.7999999998,
          "99.0": 527522.6399999999
        }
      },
      "count": 1842,
      "min": 30857,
      "max": 878802,
      "avg": 246151.8838219327,
      "sum": 453411770
    },
    "cardinality": {
      "tracks": 1140,
      "artists": 976,
      "albums": 954
    }
  }
}