{
  "items": {
    "durationMs": 443091789,
    "count": 1811,
    "playedMs": {
      "percentiles": {
        "values": {
          "1.0": 60000,
          "5.0": 143809.66666666672,
          "25.0": 181608.1887755102,
          "50.0": 226769.66666666666,
          "75.0": 268341.8139880952,
          "95.0": 424974.1999999997,
          "99.0": 533457.7499999986
        }
      },
      "count": 1811,
      "min": 30857,
      "max": 878802,
      "avg": 244666.91827719493,
      "sum": 443091789
    },
    "cardinality": {
      "tracks": 1086,
      "artists": 945,
      "albums": 931
    }
  }
}