{
  "items": {
    "durationMs": 296543723,
    "count": 1209,
    "playedMs": {
      "percentiles": {
        "values": {
          "1.0": 60000,
          "5.0": 140038,
          "25.0": 183387.15416666667,
          "50.0": 227525.86666666664,
          "75.0": 268015.9357142857,
          "95.0": 434666,
          "99.0": 542896.2400000006
        }
      },
      "count": 1209,
      "min": 30857,
      "max": 878802,
      "avg": 245280.16790736147,
      "sum": 296543723
    },
    "cardinality": {
      "tracks": 824,
      "artists": 745,
      "albums": 690
    }
  }
}