{
  "items": {
    "durationMs": 616347230,
    "count": 2531,
    "playedMs": {
      "percentiles": {
        "values": {
          "1.0": 107440,
          "5.0": 141152.4,
          "25.0": 189231.98214285713,
          "50.0": 223711.90476190476,
          "75.0": 267654.9525560224,
          "95.0": 447229,
          "99.0": 559745.5300000005
        }
      },
      "count": 2531,
      "min": 30857,
      "max": 654367,
      "avg": 243519.2532595812,
      "sum": 616347230
    },
    "cardinality": {
      "tracks": 1651,
      "artists": 1382,
      "albums": 1373
    }
  }
}