{
  "items": {
    "durationMs": 468828300,
    "count": 1927,
    "playedMs": {
      "percentiles": {
        "values": {
          "1.0": 82975.70999999999,
          "5.0": 131138.25,
          "25.0": 180000,
          "50.0": 224479.7857142857,
          "75.0": 274226.0055555555,
          "95.0": 436415.8833333333,
          "99.0": 528864
        }
      },
      "count": 1927,
      "min": 30857,
      "max": 878802,
      "avg": 243294.39543331604,
      "sum": 468828300
    },
    "cardinality": {
      "tracks": 1272,
      "artists": 1038,
      "albums": 1032
    }
  }
}