{
  "items": {
    "durationMs": 732101386,
    "count": 2977,
    "playedMs": {
      "percentiles": {
        "values": {
          "1.0": 90814.47,
          "5.0": 143901.45833333334,
          "25.0": 195212.03663003663,
          "50.0": 227155.19999999998,
          "75.0": 272188.69444444444,
          "95.0": 436198.0333333334,
          "99.0": 547064
        }
      },
      "count": 2977,
      "min": 30151,
      "max": 721800,
      "avg": 245919.17568021498,
      "sum": 732101386
    },
    "cardinality": {
      "tracks": 1902,
      "artists": 1559,
      "albums": 1594
    }
  }
}