{
  "items": {
    "durationMs": 464785673,
    "count": 1891,
    "playedMs": {
      "percentiles": {
        "values": {
          "1.0": 63083.2,
          "5.0": 143289.94166666668,
          "25.0": 183764.43095238096,
          "50.0": 226436.98412698408,
          "75.0": 279101.0375,
          "95.0": 436345.8166666666,
          "99.0": 528266.2199999999
        }
      },
      "count": 1891,
      "min": 30857,
      "max": 878802,
      "avg": 245788.29878371232,
      "sum": 464785673
    },
    "cardinality": {
      "tracks": 1214,
      "artists": 1018,
      "albums": 1024
    }
  }
}