{
  "items": {
    "durationMs": 483794911,
    "count": 1968,
    "playedMs": {
      "percentiles": {
        "values": {
          "1.0": 61353.59999999999,
          "5.0": 143634.85,
          "25.0": 184154.90681818183,
          "50.0": 227012.91836734692,
          "75.0": 274992.8333333333,
          "95.0": 437836.2999999998,
          "99.0": 540764.24
        }
      },
      "count": 1968,
      "min": 30857,
      "max": 878802,
      "avg": 245830.7474593496,
      "sum": 483794911
    },
    "cardinality": {
      "tracks": 1261,
      "artists": 1036,
      "albums": 1044
    }
  }
}