{
  "items": {
    "durationMs": 776269163,
    "count": 3084,
    "playedMs": {
      "percentiles": {
        "values": {
          "1.0": 57600,
          "5.0": 144380.16444444444,
          "25.0": 203082.59375,
          "50.0": 233500.94999999998,
          "75.0": 288260.52777777775,
          "95.0": 422274.833333333,
          "99.0": 538887.5999999997
        }
      },
      "count": 3084,
      "min": 30151,
      "max": 1072313,
      "avg": 251708.54831387807,
      "sum": 776269163
    },
    "cardinality": {
      "tracks": 1854,
      "artists": 1414,
      "albums": 1406
    }
  }
}