{
  "items": {
    "durationMs": 448381012,
    "count": 1829,
    "playedMs": {
      "percentiles": {
        "values": {
          "1.0": 60000,
          "5.0": 141346.95,
          "25.0": 181439.42857142858,
          "50.0": 226973.76969696968,
          "75.0": 270662.2361111111,
          "95.0": 426225.5499999999,
          "99.0": 531527.2500000003
        }
      },
      "count": 1829,
      "min": 30857,
      "max": 878802,
      "avg": 245150.908693275,
      "sum": 448381012
    },
    "cardinality": {
      "tracks": 1119,
      "artists": 945,
      "albums": 931
    }
  }
}