{
  "items": {
    "durationMs": 472459058,
    "count": 1927,
    "playedMs": {
      "percentiles": {
        "values": {
          "1.0": 96558.12,
          "5.0": 135806.05000000002,
          "25.0": 184254.625,
          "50.0": 226492.2484848485,
          "75.0": 278798.8125,
          "95.0": 434686.1499999998,
          "99.0": 547064
        }
      },
      "count": 1927,
      "min": 30857,
      "max": 878802,
      "avg": 245178.54592631033,
      "sum": 472459058
    },
    "cardinality": {
      "tracks": 1316,
      "artists": 1101,
      "albums": 1071
    }
  }
}