{
  "items": {
    "durationMs": 342285056,
    "count": 1402,
    "playedMs": {
      "percentiles": {
        "values": {
          "1.0": 60000,
          "5.0": 155590,
          "25.0": 184824.08571428573,
          "50.0": 226051.91025641028,
          "75.0": 267119,
          "95.0": 420000,
          "99.0": 529275
        }
      },
      "count": 1402,
      "min": 36390,
      "max": 878802,
      "avg": 244140.55349500713,
      "sum": 342285056
    },
    "cardinality": {
      "tracks": 867,
      "artists": 784,
      "albums": 757
    }
  }
}