{
  "items": {
    "durationMs": 482194145,
    "count": 1981,
    "playedMs": {
      "percentiles": {
        "values": {
          "1.0": 93542.35999999999,
          "5.0": 133794.6,
          "25.0": 180601.4375,
          "50.0": 225716.88636363635,
          "75.0": 273471.06666666665,
          "95.0": 425541.5699999997,
          "99.0": 545163.0800000003
        }
      },
      "count": 1981,
      "min": 30857,
      "max": 878802,
      "avg": 243409.46239273093,
      "sum": 482194145
    },
    "cardinality": {
      "tracks": 1320,
      "artists": 1111,
      "albums": 1090
    }
  }
}