{
  "items": {
    "durationMs": 818006971,
    "count": 3201,
    "playedMs": {
      "percentiles": {
        "values": {
          "1.0": 57600,
          "5.0": 146226.21333333332,
          "25.0": 205205.5,
          "50.0": 237100.23453017572,
          "75.0": 298893.97552447557,
          "95.0": 422434.5607142855,
          "99.0": 528831.6599999995
        }
      },
      "count": 3201,
      "min": 30151,
      "max": 1072313,
      "avg": 255547.31990003123,
      "sum": 818006971
    },
    "cardinality": {
      "tracks": 1938,
      "artists": 1422,
      "albums": 1400
    }
  }
}