{
  "items": {
    "durationMs": 832121675,
    "count": 3245,
    "playedMs": {
      "percentiles": {
        "values": {
          "1.0": 57600,
          "5.0": 146864.58333333334,
          "25.0": 205005.45321637427,
          "50.0": 237271.51278195487,
          "75.0": 299575.985645933,
          "95.0": 426639.2083333334,
          "99.0": 534040
        }
      },
      "count": 3245,
      "min": 30151,
      "max": 1072313,
      "avg": 256431.94915254237,
      "sum": 832121675
    },
    "cardinality": {
      "tracks": 1939,
      "artists": 1417,
      "albums": 1395
    }
  }
}