{
  "items": {
    "durationMs": 355162665,
    "count": 1465,
    "playedMs": {
      "percentiles": {
        "values": {
          "1.0": 60000,
          "5.0": 154006,
          "25.0": 183338.36875,
          "50.0": 224967.38461538462,
          "75.0": 265786.3408119658,
          "95.0": 420000,
          "99.0": 529275
        }
      },
      "count": 1465,
      "min": 36390,
      "max": 878802,
      "avg": 242431.85324232082,
      "sum": 355162665
    },
    "cardinality": {
      "tracks": 896,
      "artists": 812,
      "albums": 779
    }
  }
}