{
  "items": {
    "durationMs": 754035423,
    "count": 3032,
    "playedMs": {
      "percentiles": {
        "values": {
          "1.0": 57600,
          "5.0": 142369,
          "25.0": 199649.76470588235,
          "50.0": 230749.6771978022,
          "75.0": 279672,
          "95.0": 425025.81666666677,
          "99.0": 547064
        }
      },
      "count": 3032,
      "min": 30151,
      "max": 1072313,
      "avg": 248692.42183377309,
      "sum": 754035423
    },
    "cardinality": {
      "tracks": 1803,
      "artists": 1456,
      "albums": 1465
    }
  }
}