{
  "items": {
    "durationMs": 790585324,
    "count": 3187,
    "playedMs": {
      "percentiles": {
        "values": {
          "1.0": 57600,
          "5.0": 142263.63333333333,
          "25.0": 199639.45367892974,
          "50.0": 230206.1265500795,
          "75.0": 279105.4665966386,
          "95.0": 420314.4733333333,
          "99.0": 547064
        }
      },
      "count": 3187,
      "min": 30151,
      "max": 1072313,
      "avg": 248065.68057734545,
      "sum": 790585324
    },
    "cardinality": {
      "tracks": 1906,
      "artists": 1547,
      "albums": 1556
    }
  }
}