{
  "items": {
    "durationMs": 831684075,
    "count": 3244,
    "playedMs": {
      "percentiles": {
        "values": {
          "1.0": 57600,
          "5.0": 146740.20000000004,
          "25.0": 205039.76825396827,
          "50.0": 237193.65897435896,
          "75.0": 299700.4696969697,
          "95.0": 426209.0499999999,
          "99.0": 534040
        }
      },
      "count": 3244,
      "min": 30151,
      "max": 1072313,
      "avg": 256376.10203452528,
      "sum": 831684075
    },
    "cardinality": {
      "tracks": 1939,
      "artists": 1417,
      "albums": 1395
    }
  }
}