{
  "items": {
    "durationMs": 319983638,
    "count": 1309,
    "playedMs": {
      "percentiles": {
        "values": {
          "1.0": 60000,
          "5.0": 155590,
          "25.0": 184371.15476190476,
          "50.0": 226778.5,
          "75.0": 267180.3,
          "95.0": 421407.0999999999,
          "99.0": 533672.2500000009
        }
      },
      "count": 1309,
      "min": 36390,
      "max": 878802,
      "avg": 244448.92131398013,
      "sum": 319983638
    },
    "cardinality": {
      "tracks": 833,
      "artists": 747,
      "albums": 710
    }
  }
}