{
  "items": {
    "durationMs": 337916900,
    "count": 1385,
    "playedMs": {
      "percentiles": {
        "values": {
          "1.0": 60000,
          "5.0": 155478,
          "25.0": 184772.98065476192,
          "50.0": 225848.696969697,
          "75.0": 267062.22222222225,
          "95.0": 420000,
          "99.0": 529275
        }
      },
      "count": 1385,
      "min": 36390,
      "max": 878802,
      "avg": 243983.32129963898,
      "sum": 337916900
    },
    "cardinality": {
      "tracks": 863,
      "artists": 770,
      "albums": 748
    }
  }
}