{
  "items": {
    "durationMs": 750790548,
    "count": 3072,
    "playedMs": {
      "percentiles": {
        "values": {
          "1.0": 57600,
          "5.0": 136298.68333333335,
          "25.0": 196059.90792838874,
          "50.0": 227923.89597902098,
          "75.0": 273632.6958041958,
          "95.0": 424474.633333333,
          "99.0": 547064
        }
      },
      "count": 3072,
      "min": 30151,
      "max": 721800,
      "avg": 244397.96484375,
      "sum": 750790548
    },
    "cardinality": {
      "tracks": 1914,
      "artists": 1523,
      "albums": 1547
    }
  }
}