{
  "items": {
    "durationMs": 457357931,
    "count": 1860,
    "playedMs": {
      "percentiles": {
        "values": {
          "1.0": 60000,
          "5.0": 141171,
          "25.0": 181284.74175824175,
          "50.0": 227144.48051948054,
          "75.0": 271514.42307692306,
          "95.0": 432291.5,
          "99.0": 538927.5000000009
        }
      },
      "count": 1860,
      "min": 30857,
      "max": 878802,
      "avg": 245891.36075268817,
      "sum": 457357931
    },
    "cardinality": {
      "tracks": 1149,
      "artists": 957,
      "albums": 952
    }
  }
}