{
  "items": {
    "durationMs": 713990925,
    "count": 2898,
    "playedMs": {
      "percentiles": {
        "values": {
          "1.0": 108530.88,
          "5.0": 143912.38333333333,
          "25.0": 193491.7727272727,
          "50.0": 226264.08771929826,
          "75.0": 271390.69027777785,
          "95.0": 442535.39999999997,
          "99.0": 548587.44
        }
      },
      "count": 2898,
      "min": 45958,
      "max": 721800,
      "avg": 246373.6801242236,
      "sum": 713990925
    },
    "cardinality": {
      "tracks": 1889,
      "artists": 1506,
      "albums": 1560
    }
  }
}