{
  "items": {
    "durationMs": 456686327,
    "count": 1851,
    "playedMs": {
      "percentiles": {
        "values": {
          "1.0": 60000,
          "5.0": 141386.05,
          "25.0": 182165.1829004329,
          "50.0": 227744.0971659919,
          "75.0": 274352.625,
          "95.0": 434599.77499999973,
          "99.0": 539892.7500000001
        }
      },
      "count": 1851,
      "min": 30857,
      "max": 878802,
      "avg": 246724.1096704484,
      "sum": 456686327
    },
    "cardinality": {
      "tracks": 1137,
      "artists": 955,
      "albums": 948
    }
  }
}