{
  "items": {
    "durationMs": 729027495,
    "count": 2931,
    "playedMs": {
      "percentiles": {
        "values": {
          "1.0": 57600,
          "5.0": 141123,
          "25.0": 199603.77443609023,
          "50.0": 231267.35093167704,
          "75.0": 280790.69362745096,
          "95.0": 422687.78666666645,
          "99.0": 547064
        }
      },
      "count": 2931,
      "min": 30151,
      "max": 1072313,
      "avg": 248729.9539406346,
      "sum": 729027495
    },
    "cardinality": {
      "tracks": 1774,
      "artists": 1432,
      "albums": 1431
    }
  }
}