{
  "items": {
    "durationMs": 728704934,
    "count": 2974,
    "playedMs": {
      "percentiles": {
        "values": {
          "1.0": 57600,
          "5.0": 134374.12,
          "25.0": 194848.4613095238,
          "50.0": 227707.76315789475,
          "75.0": 274267.6862745098,
          "95.0": 432736.3999999996,
          "99.0": 547064
        }
      },
      "count": 2974,
      "min": 30151,
      "max": 721800,
      "avg": 245025.19636852725,
      "sum": 728704934
    },
    "cardinality": {
      "tracks": 1833,
      "artists": 1478,
      "albums": 1502
    }
  }
}