{
  "items": {
    "durationMs": 460600830,
    "count": 1861,
    "playedMs": {
      "percentiles": {
        "values": {
          "1.0": 60000,
          "5.0": 147050.08750000008,
          "25.0": 184292.51363636364,
          "50.0": 228517.78260869565,
          "75.0": 279061.75,
          "95.0": 434666,
          "99.0": 538820.2499999986
        }
      },
      "count": 1861,
      "min": 30857,
      "max": 878802,
      "avg": 247501.78936055885,
      "sum": 460600830
    },
    "cardinality": {
      "tracks": 1144,
      "artists": 992,
      "albums": 960
    }
  }
}