{
  "items": {
    "durationMs": 818006971,
    "count": 3201,
    "playedMs": {
      "percentiles": {
        "values": {
          "1.0": 57600,
          "5.0": 146087.76666666666,
          "25.0": 205210.84824561403,
          "50.0": 237109.38371290546,
          "75.0": 298670.8984962406,
          "95.0": 422650.33749999973,
          "99.0": 528831.6599999995
        }
      },
      "count": 3201,
      "min": 30151,
      "max": 1072313,
      "avg": 255547.31990003123,
      "sum": 818006971
    },
    "cardinality": {
      "tracks": 1938,
      "artists": 1422,
      "albums": 1400
    }
  }
}