{
  "items": {
    "durationMs": 479313539,
    "count": 1946,
    "playedMs": {
      "percentiles": {
        "values": {
          "1.0": 106141.72,
          "5.0": 137954,
          "25.0": 185543.63749999998,
          "50.0": 226492.18803418803,
          "75.0": 280400.06666666665,
          "95.0": 442500,
          "99.0": 547064
        }
      },
      "count": 1946,
      "min": 30857,
      "max": 648000,
      "avg": 246307.0601233299,
      "sum": 479313539
    },
    "cardinality": {
      "tracks": 1331,
      "artists": 1107,
      "albums": 1078
    }
  }
}